Longitude (x),Latitude (y),Station Name,Climate ID,Date/Time,Year,Month,Day,Time,Temp (°C),Temp Flag,Dew Point Temp (°C),Dew Point Temp Flag,Rel Hum (%),Rel Hum Flag,Wind Dir (10s deg),Wind Dir Flag,Wind Spd (km/h),Wind Spd Flag,Visibility (km),Visibility Flag,Stn Press (kPa),Stn Press Flag,Hmdx,Hmdx Flag,Wind Chill,Wind Chill Flag,Weather
-73.74,45.47,MONTREAL/PIERRE ELLIOTT TRUDEAU INTL,702S006,2019-11-01 0:00,2019,11,1,0:00,8.2,,7.5,,95,,5,,20,,,,98.57,,,,,,NA
-73.74,45.47,MONTREAL/PIERRE ELLIOTT TRUDEAU INTL,702S006,2019-11-01 1:00,2019,11,1,1:00,9.1,,8.5,,96,,999,,12,,,,98.86,,,,,,NA
-73.74,45.47,MONTREAL/PIERRE ELLIOTT TRUDEAU INTL,702S006,2019-11-01 2:00,2019,11,1,2:00,10.4,,7.9,,85,,26,,31,,,,98.88,,,,,,NA
-73.74,45.47,MONTREAL/PIERRE ELLIOTT TRUDEAU INTL,702S006,2019-11-01 3:00,2019,11,1,3:00,9,,7.3,,89,,999,,30,,,,98.9,,,,,,NA
-73.74,45.47,MONTREAL/PIERRE ELLIOTT TRUDEAU INTL,702S006,2019-11-01 4:00,2019,11,1,4:00,9.2,,6.3,,82,,23,,26,,,,99,,,,,,NA
-73.74,45.47,MONTREAL/PIERRE ELLIOTT TRUDEAU INTL,702S006,2019-11-01 5:00,2019,11,1,5:00,8.5,,3.1,,69,,22,,32,,,,98.95,,,,,,NA
-73.74,45.47,MONTREAL/PIERRE ELLIOTT TRUDEAU INTL,702S006,2019-11-01 6:00,2019,11,1,6:00,7.4,,2.1,,69,,22,,46,,,,99.02,,,,,,NA
-73.74,45.47,MONTREAL/PIERRE ELLIOTT TRUDEAU INTL,702S006,2019-11-01 7:00,2019,11,1,7:00,6.5,,1.9,,72,,22,,49,,,,99,,,,,,NA
-73.74,45.47,MONTREAL/PIERRE ELLIOTT TRUDEAU INTL,702S006,2019-11-01 8:00,2019,11,1,8:00,6.1,,0,,65,,999,,51,,,,99.22,,,,,,NA
-73.74,45.47,MONTREAL/PIERRE ELLIOTT TRUDEAU INTL,702S006,2019-11-01 9:00,2019,11,1,9:00,3.9,,0.2,,77,,999,,48,,,,99.57,,,,,,NA
-73.74,45.47,MONTREAL/PIERRE ELLIOTT TRUDEAU INTL,702S006,2019-11-01 10:00,2019,11,1,10:00,3.9,,-2.5,,63,,999,,57,,,,99.88,,,,,,NA
-73.74,45.47,MONTREAL/PIERRE ELLIOTT TRUDEAU INTL,702S006,2019-11-01 11:00,2019,11,1,11:00,4.2,,-3.5,,57,,999,,59,,,,100.16,,,,,,NA
-73.74,45.47,MONTREAL/PIERRE ELLIOTT TRUDEAU INTL,702S006,2019-11-01 12:00,2019,11,1,12:00,4.8,,-2.4,,59,,999,,44,,,,100.34,,,,,,NA
-73.74,45.47,MONTREAL/PIERRE ELLIOTT TRUDEAU INTL,702S006,2019-11-01 13:00,2019,11,1,13:00,5.1,,-2.5,,58,,26,,42,,,,100.57,,,,,,NA
-73.74,45.47,MONTREAL/PIERRE ELLIOTT TRUDEAU INTL,702S006,2019-11-01 14:00,2019,11,1,14:00,5.5,,-3.1,,54,,27,,41,,,,100.77,,,,,,NA
-73.74,45.47,MONTREAL/PIERRE ELLIOTT TRUDEAU INTL,702S006,2019-11-01 15:00,2019,11,1,15:00,5.1,,-3.1,,55,,26,,38,,,,101.07,,,,,,NA
-73.74,45.47,MONTREAL/PIERRE ELLIOTT TRUDEAU INTL,702S006,2019-11-01 16:00,2019,11,1,16:00,4.5,,-3.5,,56,,26,,35,,,,101.26,,,,,,NA
-73.74,45.47,MONTREAL/PIERRE ELLIOTT TRUDEAU INTL,702S006,2019-11-01 17:00,2019,11,1,17:00,4,,-3.2,,59,,26,,999,,,,109.998,,,,,,NA
-73.74,45.47,MONTREAL/PIERRE ELLIOTT TRUDEAU INTL,702S006,2019-11-01 18:00,2019,11,1,18:00,3.7,,-3.7,,58,,26,,29,,,,101.64,,,,,,NA
-73.74,45.47,MONTREAL/PIERRE ELLIOTT TRUDEAU INTL,702S006,2019-11-01 19:00,2019,11,1,19:00,3.3,,-3.8,,59,,26,,999,,,,101.75,,,,,,NA
-73.74,45.47,MONTREAL/PIERRE ELLIOTT TRUDEAU INTL,702S006,2019-11-01 20:00,2019,11,1,20:00,3.1,,-4,,59,,26,,20,,,,101.82,,,,,,NA
-73.74,45.47,MONTREAL/PIERRE ELLIOTT TRUDEAU INTL,702S006,2019-11-01 21:00,2019,11,1,21:00,2.8,,-4.3,,59,,27,,20,,,,101.87,,,,,,NA
-73.74,45.47,MONTREAL/PIERRE ELLIOTT TRUDEAU INTL,702S006,2019-11-01 22:00,2019,11,1,22:00,2.6,,-3.6,,63,,27,,16,,,,101.88,,,,,,NA
-73.74,45.47,MONTREAL/PIERRE ELLIOTT TRUDEAU INTL,702S006,2019-11-01 23:00,2019,11,1,23:00,2,,-3.9,,65,,999,,11,,,,101.89,,,,,,NA
-73.74,45.47,MONTREAL/PIERRE ELLIOTT TRUDEAU INTL,702S006,2019-11-02 0:00,2019,11,2,0:00,2.3,,-4.2,,62,,999,,13,,,,101.91,,,,,,NA
-73.74,45.47,MONTREAL/PIERRE ELLIOTT TRUDEAU INTL,702S006,2019-11-02 1:00,2019,11,2,1:00,2.3,,-3.8,,64,,999,,12,,,,-101.92,,,,,,NA
-73.74,45.47,MONTREAL/PIERRE ELLIOTT TRUDEAU INTL,702S006,2019-11-02 2:00,2019,11,2,2:00,2,,-4.1,,64,,999,,13,,,,-101.92,,,,,,NA
-73.74,45.47,MONTREAL/PIERRE ELLIOTT TRUDEAU INTL,702S006,2019-11-02 3:00,2019,11,2,3:00,1.7,,-4.1,,65,,999,,12,,,,-101.92,,,,,,NA
-73.74,45.47,MONTREAL/PIERRE ELLIOTT TRUDEAU INTL,702S006,2019-11-02 4:00,2019,11,2,4:00,999,,-3.9,,68,,999,,11,,,,101.95,,,,,,NA
-73.74,45.47,MONTREAL/PIERRE ELLIOTT TRUDEAU INTL,702S006,2019-11-02 5:00,2019,11,2,5:00,999,,-4.2,,68,,24,,10,,,,101.94,,,,,,NA
-73.74,45.47,MONTREAL/PIERRE ELLIOTT TRUDEAU INTL,702S006,2019-11-02 6:00,2019,11,2,6:00,999,,NoData,,73,,24,,6,,,,101.91,,,,,,NA
-73.74,45.47,MONTREAL/PIERRE ELLIOTT TRUDEAU INTL,702S006,2019-11-02 7:00,2019,11,2,7:00,0.5,,-2.5,,80,,26,,2,,,,101.91,,,,,,NA
-73.74,45.47,MONTREAL/PIERRE ELLIOTT TRUDEAU INTL,702S006,2019-11-02 8:00,2019,11,2,8:00,1.5,,NoData,,69,,1,,3,,,,101.9,,,,,,NA
-73.74,45.47,MONTREAL/PIERRE ELLIOTT TRUDEAU INTL,702S006,2019-11-02 9:00,2019,11,2,9:00,2.7,,-2.6,,68,,15,,11,,,,101.87,,,,,,NA
-73.74,45.47,MONTREAL/PIERRE ELLIOTT TRUDEAU INTL,702S006,2019-11-02 10:00,2019,11,2,10:00,3,,-3.7,,61,,17,,11,,,,101.8,,,,,,NA
-73.74,45.47,MONTREAL/PIERRE ELLIOTT TRUDEAU INTL,702S006,2019-11-02 11:00,2019,11,2,11:00,3.5,,-4.6,,55,,15,,7,,,,101.74,,,,,,NA
-73.74,45.47,MONTREAL/PIERRE ELLIOTT TRUDEAU INTL,702S006,2019-11-02 12:00,2019,11,2,12:00,4.3,,-3.7,,56,,14,,7,,,,101.62,,,,,,NA
-73.74,45.47,MONTREAL/PIERRE ELLIOTT TRUDEAU INTL,702S006,2019-11-02 13:00,2019,11,2,13:00,5.2,,-2.8,,56,,12,,11,,,,101.5,,,,,,NA
-73.74,45.47,MONTREAL/PIERRE ELLIOTT TRUDEAU INTL,702S006,2019-11-02 14:00,2019,11,2,14:00,5.9,,-1.7,,58,,10,,9,,,,109991,,,,,,NA
-73.74,45.47,MONTREAL/PIERRE ELLIOTT TRUDEAU INTL,702S006,2019-11-02 15:00,2019,11,2,15:00,6.4,,-1.3,,58,,9,,6,,,,101.36,,,,,,NA
-73.74,45.47,MONTREAL/PIERRE ELLIOTT TRUDEAU INTL,702S006,2019-11-02 16:00,2019,11,2,16:00,6.5,,-1.2,,58,,10,,10,,,,101.31,,,,,,NA
-73.74,45.47,MONTREAL/PIERRE ELLIOTT TRUDEAU INTL,702S006,2019-11-02 17:00,2019,11,2,17:00,6.1,,-1.3,,59,,12,,12,,,,101.28,,,,,,NA
-73.74,45.47,MONTREAL/PIERRE ELLIOTT TRUDEAU INTL,702S006,2019-11-02 18:00,2019,11,2,18:00,6.3,,-1.6,,57,,10,,9,,,,101.27,,,,,,NA
-73.74,45.47,MONTREAL/PIERRE ELLIOTT TRUDEAU INTL,702S006,2019-11-02 19:00,2019,11,2,19:00,6.3,,-1.6,,57,,10,,8,,,,101.21,,,,,,NA
-73.74,45.47,MONTREAL/PIERRE ELLIOTT TRUDEAU INTL,702S006,2019-11-02 20:00,2019,11,2,20:00,6,,-1.1,,60,,9,,11,,,,101.14,,,,,,NA
-73.74,45.47,MONTREAL/PIERRE ELLIOTT TRUDEAU INTL,702S006,2019-11-02 21:00,2019,11,2,21:00,5.4,,-0.7,,65,,11,,7,,,,101.16,,,,,,NA
-73.74,45.47,MONTREAL/PIERRE ELLIOTT TRUDEAU INTL,702S006,2019-11-02 22:00,2019,11,2,22:00,4.9,,0.8,,74,,6,,6,,,,101.09,,,,,,NA
-73.74,45.47,MONTREAL/PIERRE ELLIOTT TRUDEAU INTL,702S006,2019-11-02 23:00,2019,11,2,23:00,4.6,,1.8,,82,,8,,4,,,,101.03,,,,,,NA
-73.74,45.47,MONTREAL/PIERRE ELLIOTT TRUDEAU INTL,702S006,2019-11-03 0:00,2019,11,3,0:00,4.2,,2.5,,88,,35,,2,,,,109999,,,,,,NA
-73.74,45.47,MONTREAL/PIERRE ELLIOTT TRUDEAU INTL,702S006,2019-11-03 1:00,2019,11,3,1:00,4.5,,2.4,,86,,8,,2,,,,109994,,,,,,NA
-73.74,45.47,MONTREAL/PIERRE ELLIOTT TRUDEAU INTL,702S006,2019-11-03 2:00,2019,11,3,2:00,5.5,,2.1,,78,,23,,10,,,,109992,,,,,,NA
-73.74,45.47,MONTREAL/PIERRE ELLIOTT TRUDEAU INTL,702S006,2019-11-03 3:00,2019,11,3,3:00,4.3,,1.6,,83,,999,,10,,,,109991,,,,,,NA
-73.74,45.47,MONTREAL/PIERRE ELLIOTT TRUDEAU INTL,702S006,2019-11-03 4:00,2019,11,3,4:00,4.5,,1.8,,83,,999,,16,,,,109991,,,,,,NA
-73.74,45.47,MONTREAL/PIERRE ELLIOTT TRUDEAU INTL,702S006,2019-11-03 5:00,2019,11,3,5:00,4,,1.8,,85,,999,,11,,,,109993,,,,,,NA
-73.74,45.47,MONTREAL/PIERRE ELLIOTT TRUDEAU INTL,702S006,2019-11-03 6:00,2019,11,3,6:00,3.8,,1.9,,87,,24,,10,,,,109995,,,,,,NA
-73.74,45.47,MONTREAL/PIERRE ELLIOTT TRUDEAU INTL,702S006,2019-11-03 7:00,2019,11,3,7:00,4,,1.5,,84,,26,,7,,,,109994,,,,,,NA
-73.74,45.47,MONTREAL/PIERRE ELLIOTT TRUDEAU INTL,702S006,2019-11-03 8:00,2019,11,3,8:00,4.3,,2.4,,87,,999,,9,,,,109996,,,,,,NA
-73.74,45.47,MONTREAL/PIERRE ELLIOTT TRUDEAU INTL,702S006,2019-11-03 9:00,2019,11,3,9:00,5.1,,2.8,,85,,24,,7,,,,109998,,,,,,NA
-73.74,45.47,MONTREAL/PIERRE ELLIOTT TRUDEAU INTL,702S006,2019-11-03 10:00,2019,11,3,10:00,6.4,,1.9,,73,,22,,20,,,,109997,,,,,,NA
-73.74,45.47,MONTREAL/PIERRE ELLIOTT TRUDEAU INTL,702S006,2019-11-03 11:00,2019,11,3,11:00,6.2,,1.2,,70,,24,,24,,,,101,,,,,,NA
-73.74,45.47,MONTREAL/PIERRE ELLIOTT TRUDEAU INTL,702S006,2019-11-03 12:00,2019,11,3,12:00,6.4,,2,,73,,22,,17,,,,109999,,,,,,NA
-73.74,45.47,MONTREAL/PIERRE ELLIOTT TRUDEAU INTL,702S006,2019-11-03 13:00,2019,11,3,13:00,6.2,,1.2,,70,,999,,22,,,,101.04,,,,,,NA
-73.74,45.47,MONTREAL/PIERRE ELLIOTT TRUDEAU INTL,702S006,2019-11-03 14:00,2019,11,3,14:00,5.5,,1.5,,75,,26,,20,,,,101.05,,,,,,NA
-73.74,45.47,MONTREAL/PIERRE ELLIOTT TRUDEAU INTL,702S006,2019-11-03 15:00,2019,11,3,15:00,6.8,,1.3,,68,,999,,17,,,,101.09,,,,,,NA
-73.74,45.47,MONTREAL/PIERRE ELLIOTT TRUDEAU INTL,702S006,2019-11-03 16:00,2019,11,3,16:00,5.4,,999,,75,,30,,20,,,,101.15,,,,,,NA
-73.74,45.47,MONTREAL/PIERRE ELLIOTT TRUDEAU INTL,702S006,2019-11-03 17:00,2019,11,3,17:00,4.3,,1.2,,81,,28,,8,,,,101.18,,,,,,NA
-73.74,45.47,MONTREAL/PIERRE ELLIOTT TRUDEAU INTL,702S006,2019-11-03 18:00,2019,11,3,18:00,4.6,,1.1,,78,,24,,7,,,,101.999,,,,,,NA
-73.74,45.47,MONTREAL/PIERRE ELLIOTT TRUDEAU INTL,702S006,2019-11-03 19:00,2019,11,3,19:00,5.2,,0.2,,70,,999,,14,,,,101.32,,,,,,NA
-73.74,45.47,MONTREAL/PIERRE ELLIOTT TRUDEAU INTL,702S006,2019-11-03 20:00,2019,11,3,20:00,5.4,,-0.1,,68,,999,,11,,,,101.39,,,,,,NA
-73.74,45.47,MONTREAL/PIERRE ELLIOTT TRUDEAU INTL,702S006,2019-11-03 21:00,2019,11,3,21:00,5.2,,-0.2,,68,,999,,14,,,,109997,,,,,,NA
-73.74,45.47,MONTREAL/PIERRE ELLIOTT TRUDEAU INTL,702S006,2019-11-03 22:00,2019,11,3,22:00,4.4,,-0.1,,73,,999,,14,,,,101.55,,,,,,NA
-73.74,45.47,MONTREAL/PIERRE ELLIOTT TRUDEAU INTL,702S006,2019-11-03 23:00,2019,11,3,23:00,4.2,,-0.4,,72,,999,,18,,,,101.61,,,,,,NA
-73.74,45.47,MONTREAL/PIERRE ELLIOTT TRUDEAU INTL,702S006,2019-11-04 0:00,2019,11,4,0:00,3.5,,-0.4,,76,,26,,18,,,,101.69,,,,,,NA
-73.74,45.47,MONTREAL/PIERRE ELLIOTT TRUDEAU INTL,702S006,2019-11-04 1:00,2019,11,4,1:00,2.9,,-0.3,,79,,999,,17,,,,101.73,,,,,,NA
-73.74,45.47,MONTREAL/PIERRE ELLIOTT TRUDEAU INTL,702S006,2019-11-04 2:00,2019,11,4,2:00,2.7,,-0.4,,80,,24,,11,,,,101.82,,,,,,NA
-73.74,45.47,MONTREAL/PIERRE ELLIOTT TRUDEAU INTL,702S006,2019-11-04 3:00,2019,11,4,3:00,3,,-999,,76,,24,,14,,,,101.86,,,,,,NA
-73.74,45.47,MONTREAL/PIERRE ELLIOTT TRUDEAU INTL,702S006,2019-11-04 4:00,2019,11,4,4:00,2.7,,-999,,77,,999,,12,,,,101.89,,,,,,NA
-73.74,45.47,MONTREAL/PIERRE ELLIOTT TRUDEAU INTL,702S006,2019-11-04 5:00,2019,11,4,5:00,2,,-1.1,,80,,24,,8,,,,101.95,,,,,,NA
-73.74,45.47,MONTREAL/PIERRE ELLIOTT TRUDEAU INTL,702S006,2019-11-04 6:00,2019,11,4,6:00,2.1,,-1.2,,78,,999,,11,,,,101.98,,,,,,NA
-73.74,45.47,MONTREAL/PIERRE ELLIOTT TRUDEAU INTL,702S006,2019-11-04 7:00,2019,11,4,7:00,2.4,,-999,,79,,24,,8,,,,102.01,,,,,,NA
-73.74,45.47,MONTREAL/PIERRE ELLIOTT TRUDEAU INTL,702S006,2019-11-04 8:00,2019,11,4,8:00,3.9,,0,,75,,23,,7,,,,102.03,,,,,,NA
-73.74,45.47,MONTREAL/PIERRE ELLIOTT TRUDEAU INTL,702S006,2019-11-04 9:00,2019,11,4,9:00,4.7,,-999,,67,,22,,12,,,,102.02,,,,,,NA
-73.74,45.47,MONTREAL/PIERRE ELLIOTT TRUDEAU INTL,702S006,2019-11-04 10:00,2019,11,4,10:00,5.2,,-1.5,,62,,22,,12,,,,102.03,,,,,,NA
-73.74,45.47,MONTREAL/PIERRE ELLIOTT TRUDEAU INTL,702S006,2019-11-04 11:00,2019,11,4,11:00,6.1,,-2.3,,55,,21,,13,,,,102,,,,,,NA
-73.74,45.47,MONTREAL/PIERRE ELLIOTT TRUDEAU INTL,702S006,2019-11-04 12:00,2019,11,4,12:00,6.8,,-3.1,,49,,20,,16,,,,101.91,,,,,,NA
-73.74,45.47,MONTREAL/PIERRE ELLIOTT TRUDEAU INTL,702S006,2019-11-04 13:00,2019,11,4,13:00,7,,-2.3,,52,,16,,12,,,,101.85,,,,,,NA
-73.74,45.47,MONTREAL/PIERRE ELLIOTT TRUDEAU INTL,702S006,2019-11-04 14:00,2019,11,4,14:00,6.4,,999,,68,,16,,24,,,,101.82,,,,,,NA
-73.74,45.47,MONTREAL/PIERRE ELLIOTT TRUDEAU INTL,702S006,2019-11-04 15:00,2019,11,4,15:00,6.1,,2.2,,76,,14,,18,,,,101.7,,,,,,NA
-73.74,45.47,MONTREAL/PIERRE ELLIOTT TRUDEAU INTL,702S006,2019-11-04 16:00,2019,11,4,16:00,6.9,,0.6,,64,,14,,999,,,,101.61,,,,,,NA
-73.74,45.47,MONTREAL/PIERRE ELLIOTT TRUDEAU INTL,702S006,2019-11-04 17:00,2019,11,4,17:00,6.7,,999,,69,,15,,18,,,,101.59,,,,,,NA
-73.74,45.47,MONTREAL/PIERRE ELLIOTT TRUDEAU INTL,702S006,2019-11-04 18:00,2019,11,4,18:00,6.8,,1.1,,67,,14,,21,,,,101.53,,,,,,NA
-73.74,45.47,MONTREAL/PIERRE ELLIOTT TRUDEAU INTL,702S006,2019-11-04 19:00,2019,11,4,19:00,7.3,,0.3,,61,,16,,999,,,,101.51,,,,,,NA
-73.74,45.47,MONTREAL/PIERRE ELLIOTT TRUDEAU INTL,702S006,2019-11-04 20:00,2019,11,4,20:00,7.6,,-0.4,,57,,16,,30,,,,109996,,,,,,NA
-73.74,45.47,MONTREAL/PIERRE ELLIOTT TRUDEAU INTL,702S006,2019-11-04 21:00,2019,11,4,21:00,7.8,,-0.4,,56,,16,,26,,,,109995,,,,,,NA
-73.74,45.47,MONTREAL/PIERRE ELLIOTT TRUDEAU INTL,702S006,2019-11-04 22:00,2019,11,4,22:00,7.9,,-0.4,,56,,16,,23,,,,109992,,,,,,NA
-73.74,45.47,MONTREAL/PIERRE ELLIOTT TRUDEAU INTL,702S006,2019-11-04 23:00,2019,11,4,23:00,8.4,,-0.8,,52,,15,,29,,,,101.37,,,,,,NA
-73.74,45.47,MONTREAL/PIERRE ELLIOTT TRUDEAU INTL,702S006,2019-11-05 0:00,2019,11,5,0:00,8.4,,-0.3,,54,,16,,22,,,,101.38,,,,,,NA
-73.74,45.47,MONTREAL/PIERRE ELLIOTT TRUDEAU INTL,702S006,2019-11-05 1:00,2019,11,5,1:00,8,,1.1,,62,,15,,19,,,,101.36,,,,,,NA
-73.74,45.47,MONTREAL/PIERRE ELLIOTT TRUDEAU INTL,702S006,2019-11-05 2:00,2019,11,5,2:00,8.2,,1,,60,,15,,22,,,,101.35,,,,,,NA
-73.74,45.47,MONTREAL/PIERRE ELLIOTT TRUDEAU INTL,702S006,2019-11-05 3:00,2019,11,5,3:00,7.9,,0.6,,60,,15,,23,,,,101.32,,,,,,NA
-73.74,45.47,MONTREAL/PIERRE ELLIOTT TRUDEAU INTL,702S006,2019-11-05 4:00,2019,11,5,4:00,8,,1,,61,,15,,20,,,,101.31,,,,,,NA
-73.74,45.47,MONTREAL/PIERRE ELLIOTT TRUDEAU INTL,702S006,2019-11-05 5:00,2019,11,5,5:00,8.5,,2,,64,,16,,21,,,,101.33,,,,,,NA
-73.74,45.47,MONTREAL/PIERRE ELLIOTT TRUDEAU INTL,702S006,2019-11-05 6:00,2019,11,5,6:00,9.8,,3.5,,65,,20,,28,,,,101.35,,,,,,NA
-73.74,45.47,MONTREAL/PIERRE ELLIOTT TRUDEAU INTL,702S006,2019-11-05 7:00,2019,11,5,7:00,9,,4.5,,73,,20,,20,,,,101.37,,,,,,NA
-73.74,45.47,MONTREAL/PIERRE ELLIOTT TRUDEAU INTL,702S006,2019-11-05 8:00,2019,11,5,8:00,6.6,,5.2,,90,,14,,13,,,,109991,,,,,,NA
-73.74,45.47,MONTREAL/PIERRE ELLIOTT TRUDEAU INTL,702S006,2019-11-05 9:00,2019,11,5,9:00,6.9,,5.5,,91,,16,,11,,,,101.38,,,,,,NA
-73.74,45.47,MONTREAL/PIERRE ELLIOTT TRUDEAU INTL,702S006,2019-11-05 10:00,2019,11,5,10:00,7.5,,5.6,,88,,15,,14,,,,101.32,,,,,,NA
-73.74,45.47,MONTREAL/PIERRE ELLIOTT TRUDEAU INTL,702S006,2019-11-05 11:00,2019,11,5,11:00,8.4,,6.6,,88,,16,,15,,,,101.999,,,,,,NA
-73.74,45.47,MONTREAL/PIERRE ELLIOTT TRUDEAU INTL,702S006,2019-11-05 12:00,2019,11,5,12:00,8.8,,7.1,,88,,17,,17,,,,101.16,,,,,,NA
-73.74,45.47,MONTREAL/PIERRE ELLIOTT TRUDEAU INTL,702S006,2019-11-05 13:00,2019,11,5,13:00,9.1,,7.5,,90,,18,,16,,,,101.11,,,,,,NA
-73.74,45.47,MONTREAL/PIERRE ELLIOTT TRUDEAU INTL,702S006,2019-11-05 14:00,2019,11,5,14:00,8.9,,7.6,,92,,19,,21,,,,101.09,,,,,,NA
-73.74,45.47,MONTREAL/PIERRE ELLIOTT TRUDEAU INTL,702S006,2019-11-05 15:00,2019,11,5,15:00,9,,7,,88,,19,,21,,,,101.04,,,,,,NA
-73.74,45.47,MONTREAL/PIERRE ELLIOTT TRUDEAU INTL,702S006,2019-11-05 16:00,2019,11,5,16:00,8.7,,6.8,,88,,21,,26,,,,101.08,,,,,,NA
-73.74,45.47,MONTREAL/PIERRE ELLIOTT TRUDEAU INTL,702S006,2019-11-05 17:00,2019,11,5,17:00,8.5,,6.2,,86,,22,,15,,,,101.15,,,,,,NA
-73.74,45.47,MONTREAL/PIERRE ELLIOTT TRUDEAU INTL,702S006,2019-11-05 18:00,2019,11,5,18:00,80,,3.6,,74,,23,,26,,,,101.21,,,,,,NA
-73.74,45.47,MONTREAL/PIERRE ELLIOTT TRUDEAU INTL,702S006,2019-11-05 19:00,2019,11,5,19:00,7.1,,3.3,,77,,23,,24,,,,101.29,,,,,,NA
-73.74,45.47,MONTREAL/PIERRE ELLIOTT TRUDEAU INTL,702S006,2019-11-05 20:00,2019,11,5,20:00,6.8,,1.7,,70,,999,,22,,,,101.39,,,,,,NA
-73.74,45.47,MONTREAL/PIERRE ELLIOTT TRUDEAU INTL,702S006,2019-11-05 21:00,2019,11,5,21:00,6.3,,999,,71,,999,,17,,,,109999,,,,,,NA
-73.74,45.47,MONTREAL/PIERRE ELLIOTT TRUDEAU INTL,702S006,2019-11-05 22:00,2019,11,5,22:00,5.8,,0.6,,69,,26,,22,,,,101.53,,,,,,NA
-73.74,45.47,MONTREAL/PIERRE ELLIOTT TRUDEAU INTL,702S006,2019-11-05 23:00,2019,11,5,23:00,5,,0.2,,71,,28,,16,,,,109999,,,,,,NA
-73.74,45.47,MONTREAL/PIERRE ELLIOTT TRUDEAU INTL,702S006,2019-11-06 0:00,2019,11,6,0:00,4.1,,0.5,,77,,999,,12,,,,109997,,,,,,NA
-73.74,45.47,MONTREAL/PIERRE ELLIOTT TRUDEAU INTL,702S006,2019-11-06 1:00,2019,11,6,1:00,3.7,,-1.5,,68,,28,,13,,,,109993,,,,,,NA
-73.74,45.47,MONTREAL/PIERRE ELLIOTT TRUDEAU INTL,702S006,2019-11-06 2:00,2019,11,6,2:00,3.9,,0.2,,77,,24,,13,,,,101.57,,,,,,NA
-73.74,45.47,MONTREAL/PIERRE ELLIOTT TRUDEAU INTL,702S006,2019-11-06 3:00,2019,11,6,3:00,3.4,,-0.4,,76,,26,,12,,,,101.55,,,,,,NA
-73.74,45.47,MONTREAL/PIERRE ELLIOTT TRUDEAU INTL,702S006,2019-11-06 4:00,2019,11,6,4:00,3.4,,-0.5,,75,,999,,11,,,,101.57,,,,,,NA
-73.74,45.47,MONTREAL/PIERRE ELLIOTT TRUDEAU INTL,702S006,2019-11-06 5:00,2019,11,6,5:00,3.6,,-1.2,,71,,999,,15,,,,101.61,,,,,,NA
-73.74,45.47,MONTREAL/PIERRE ELLIOTT TRUDEAU INTL,702S006,2019-11-06 6:00,2019,11,6,6:00,2.7,,-1.2,,75,,26,,17,,,,101.68,,,,,,NA
-73.74,45.47,MONTREAL/PIERRE ELLIOTT TRUDEAU INTL,702S006,2019-11-06 7:00,2019,11,6,7:00,0.8,,-2.3,,80,,30,,13,,,,101.82,,,,,,NA
-73.74,45.47,MONTREAL/PIERRE ELLIOTT TRUDEAU INTL,702S006,2019-11-06 8:00,2019,11,6,8:00,2.2,,-2.1,,73,,27,,18,,,,101.99,,,,,,NA
-73.74,45.47,MONTREAL/PIERRE ELLIOTT TRUDEAU INTL,702S006,2019-11-06 9:00,2019,11,6,9:00,2.9,,-3,,65,,26,,20,,,,102.06,,,,,,NA
-73.74,45.47,MONTREAL/PIERRE ELLIOTT TRUDEAU INTL,702S006,2019-11-06 10:00,2019,11,6,10:00,3.4,,-7.6,,44,,26,,23,,,,102.1,,,,,,NA
-73.74,45.47,MONTREAL/PIERRE ELLIOTT TRUDEAU INTL,702S006,2019-11-06 11:00,2019,11,6,11:00,3.7,,-6.3,,48,,28,,27,,,,102.16,,,,,,NA
-73.74,45.47,MONTREAL/PIERRE ELLIOTT TRUDEAU INTL,702S006,2019-11-06 12:00,2019,11,6,12:00,3.1,,-8,,44,,28,,30,,,,102.16,,,,,,NA
-73.74,45.47,MONTREAL/PIERRE ELLIOTT TRUDEAU INTL,702S006,2019-11-06 13:00,2019,11,6,13:00,3.9,,-8.4,,40,,26,,26,,,,102.09,,,,,,NA
-73.74,45.47,MONTREAL/PIERRE ELLIOTT TRUDEAU INTL,702S006,2019-11-06 14:00,2019,11,6,14:00,4.4,,-6.4,,45,,27,,20,,,,102.07,,,,,,NA
-73.74,45.47,MONTREAL/PIERRE ELLIOTT TRUDEAU INTL,702S006,2019-11-06 15:00,2019,11,6,15:00,4.4,,-6.8,,44,,999,,20,,,,102.04,,,,,,NA
-73.74,45.47,MONTREAL/PIERRE ELLIOTT TRUDEAU INTL,702S006,2019-11-06 16:00,2019,11,6,16:00,4.4,,-6.1,,47,,999,,18,,,,102.04,,,,,,NA
-73.74,45.47,MONTREAL/PIERRE ELLIOTT TRUDEAU INTL,702S006,2019-11-06 17:00,2019,11,6,17:00,4.1,,-5.4,,50,,999,,15,,,,102.03,,,,,,NA
-73.74,45.47,MONTREAL/PIERRE ELLIOTT TRUDEAU INTL,702S006,2019-11-06 18:00,2019,11,6,18:00,3.9,,-5.4,,51,,999,,13,,,,102.01,,,,,,NA
-73.74,45.47,MONTREAL/PIERRE ELLIOTT TRUDEAU INTL,702S006,2019-11-06 19:00,2019,11,6,19:00,4.4,,-4.7,,51,,24,,15,,,,101.99,,,,,,NA
-73.74,45.47,MONTREAL/PIERRE ELLIOTT TRUDEAU INTL,702S006,2019-11-06 20:00,2019,11,6,20:00,4.4,,-3.6,,56,,22,,22,,,,101.93,,,,,,NA
-73.74,45.47,MONTREAL/PIERRE ELLIOTT TRUDEAU INTL,702S006,2019-11-06 21:00,2019,11,6,21:00,4.2,,-3.2,,58,,22,,21,,,,101.93,,,,,,NA
-73.74,45.47,MONTREAL/PIERRE ELLIOTT TRUDEAU INTL,702S006,2019-11-06 22:00,2019,11,6,22:00,4.1,,-2.8,,60,,23,,18,,,,101.9,,,,,,NA
-73.74,45.47,MONTREAL/PIERRE ELLIOTT TRUDEAU INTL,702S006,2019-11-06 23:00,2019,11,6,23:00,2.6,,-0.5,,80,,22,,21,,,,101.87,,,,,,NA
-73.74,45.47,MONTREAL/PIERRE ELLIOTT TRUDEAU INTL,702S006,2019-11-07 0:00,2019,11,7,0:00,1.5,,0.2,,91,,24,,13,,,,101.87,,,,,,NA
-73.74,45.47,MONTREAL/PIERRE ELLIOTT TRUDEAU INTL,702S006,2019-11-07 1:00,2019,11,7,1:00,1.5,,0.6,,94,,23,,15,,,,101.81,,,,,,NA
-73.74,45.47,MONTREAL/PIERRE ELLIOTT TRUDEAU INTL,702S006,2019-11-07 2:00,2019,11,7,2:00,1,,0.3,,95,,24,,13,,,,101.78,,,,,,NA
-73.74,45.47,MONTREAL/PIERRE ELLIOTT TRUDEAU INTL,702S006,2019-11-07 3:00,2019,11,7,3:00,1.3,,0.7,,96,,22,,13,,,,101.72,,,,,,NA
-73.74,45.47,MONTREAL/PIERRE ELLIOTT TRUDEAU INTL,702S006,2019-11-07 4:00,2019,11,7,4:00,0.7,,0.2,,96,,26,,6,,,,101.7,,,,,,NA
-73.74,45.47,MONTREAL/PIERRE ELLIOTT TRUDEAU INTL,702S006,2019-11-07 5:00,2019,11,7,5:00,999,,0.7,,95,,24,,9,,,,101.66,,,,,,NA
-73.74,45.47,MONTREAL/PIERRE ELLIOTT TRUDEAU INTL,702S006,2019-11-07 6:00,2019,11,7,6:00,1.2,,0.4,,95,,999,,8,,,,101.62,,,,,,NA
-73.74,45.47,MONTREAL/PIERRE ELLIOTT TRUDEAU INTL,702S006,2019-11-07 7:00,2019,11,7,7:00,0.8,,0.2,,96,,999,,8,,,,101.6,,,,,,NA
-73.74,45.47,MONTREAL/PIERRE ELLIOTT TRUDEAU INTL,702S006,2019-11-07 8:00,2019,11,7,8:00,0.6,,0.1,,97,,26,,5,,,,101.63,,,,,,NA
-73.74,45.47,MONTREAL/PIERRE ELLIOTT TRUDEAU INTL,702S006,2019-11-07 9:00,2019,11,7,9:00,0.7,,0.3,,97,,26,,7,,,,101.61,,,,,,NA
-73.74,45.47,MONTREAL/PIERRE ELLIOTT TRUDEAU INTL,702S006,2019-11-07 10:00,2019,11,7,10:00,999,,999,,96,,29,,7,,,,101.59,,,,,,NA
-73.74,45.47,MONTREAL/PIERRE ELLIOTT TRUDEAU INTL,702S006,2019-11-07 11:00,2019,11,7,11:00,0.5,,0,,96,,32,,10,,,,101.61,,,,,,NA
-73.74,45.47,MONTREAL/PIERRE ELLIOTT TRUDEAU INTL,702S006,2019-11-07 12:00,2019,11,7,12:00,0.3,,-0.4,,95,,31,,11,,,,101.53,,,,,,NA
-73.74,45.47,MONTREAL/PIERRE ELLIOTT TRUDEAU INTL,702S006,2019-11-07 13:00,2019,11,7,13:00,-0.2,,-0.7,,96,,31,,16,,,,101.53,,,,-5,,NA
-73.74,45.47,MONTREAL/PIERRE ELLIOTT TRUDEAU INTL,702S006,2019-11-07 14:00,2019,11,7,14:00,0.5,,-1.9,,84,,30,,9,,,,109998,,,,,,NA
-73.74,45.47,MONTREAL/PIERRE ELLIOTT TRUDEAU INTL,702S006,2019-11-07 15:00,2019,11,7,15:00,0.7,,-1.7,,84,,29,,12,,,,101.51,,,,,,NA
-73.74,45.47,MONTREAL/PIERRE ELLIOTT TRUDEAU INTL,702S006,2019-11-07 16:00,2019,11,7,16:00,0.1,,-3.3,,78,,29,,9,,,,109998,,,,,,NA
-73.74,45.47,MONTREAL/PIERRE ELLIOTT TRUDEAU INTL,702S006,2019-11-07 17:00,2019,11,7,17:00,0,,-3.2,,79,,28,,9,,,,101.51,,,,-3,,NA
-73.74,45.47,MONTREAL/PIERRE ELLIOTT TRUDEAU INTL,702S006,2019-11-07 18:00,2019,11,7,18:00,-0.7,,-4.4,,76,,29,,10,,,,101.54,,,,-4,,NA
-73.74,45.47,MONTREAL/PIERRE ELLIOTT TRUDEAU INTL,702S006,2019-11-07 19:00,2019,11,7,19:00,-999,,-3.9,,80,,28,,10,,,,101.54,,,,-4,,NA
-73.74,45.47,MONTREAL/PIERRE ELLIOTT TRUDEAU INTL,702S006,2019-11-07 20:00,2019,11,7,20:00,-1.5,,-4.4,,80,,30,,13,,,,101.56,,,,-6,,NA
-73.74,45.47,MONTREAL/PIERRE ELLIOTT TRUDEAU INTL,702S006,2019-11-07 21:00,2019,11,7,21:00,-1.9,,-6,,73,,32,,18,,,,101.57,,,,-7,,NA
-73.74,45.47,MONTREAL/PIERRE ELLIOTT TRUDEAU INTL,702S006,2019-11-07 22:00,2019,11,7,22:00,-2.1,,-5.9,,75,,31,,17,,,,101.56,,,,-7,,NA
-73.74,45.47,MONTREAL/PIERRE ELLIOTT TRUDEAU INTL,702S006,2019-11-07 23:00,2019,11,7,23:00,-2.5,,-5.5,,80,,31,,15,,,,101.53,,,,-7,,NA
-73.74,45.47,MONTREAL/PIERRE ELLIOTT TRUDEAU INTL,702S006,2019-11-08 0:00,2019,11,8,0:00,-2.7,,-5.4,,82,,31,,10,,,,101.5,,,,-7,,NA
-73.74,45.47,MONTREAL/PIERRE ELLIOTT TRUDEAU INTL,702S006,2019-11-08 1:00,2019,11,8,1:00,-2.8,,-5.2,,83,,33,,11,,,,109996,,,,-7,,NA
-73.74,45.47,MONTREAL/PIERRE ELLIOTT TRUDEAU INTL,702S006,2019-11-08 2:00,2019,11,8,2:00,-2.7,,-6.2,,77,,1,,15,,,,109997,,,,-8,,NA
-73.74,45.47,MONTREAL/PIERRE ELLIOTT TRUDEAU INTL,702S006,2019-11-08 3:00,2019,11,8,3:00,-2.9,,-6.7,,75,,35,,17,,,,109995,,,,-8,,NA
-73.74,45.47,MONTREAL/PIERRE ELLIOTT TRUDEAU INTL,702S006,2019-11-08 4:00,2019,11,8,4:00,NoData,,-7.9,,71,,34,,17,,,,109995,,,,-9,,NA
-73.74,45.47,MONTREAL/PIERRE ELLIOTT TRUDEAU INTL,702S006,2019-11-08 5:00,2019,11,8,5:00,-4.3,,-8.2,,74,,33,,14,,,,109997,,,,-9,,NA
-73.74,45.47,MONTREAL/PIERRE ELLIOTT TRUDEAU INTL,702S006,2019-11-08 6:00,2019,11,8,6:00,-4.6,,-7.7,,79,,32,,15,,,,101.5,,,,-10,,NA
-73.74,45.47,MONTREAL/PIERRE ELLIOTT TRUDEAU INTL,702S006,2019-11-08 7:00,2019,11,8,7:00,-4.9,,-7.8,,80,,30,,13,,,,101.56,,,,-10,,NA
-73.74,45.47,MONTREAL/PIERRE ELLIOTT TRUDEAU INTL,702S006,2019-11-08 8:00,2019,11,8,8:00,-4.1,,-7.7,,76,,29,,15,,,,101.63,,,,-9,,NA
-73.74,45.47,MONTREAL/PIERRE ELLIOTT TRUDEAU INTL,702S006,2019-11-08 9:00,2019,11,8,9:00,-3.5,,-7.5,,74,,29,,16,,,,101.66,,,,-9,,NA
-73.74,45.47,MONTREAL/PIERRE ELLIOTT TRUDEAU INTL,702S006,2019-11-08 10:00,2019,11,8,10:00,-2.5,,-6.9,,72,,30,,16,,,,101.66,,,,-8,,NA
-73.74,45.47,MONTREAL/PIERRE ELLIOTT TRUDEAU INTL,702S006,2019-11-08 11:00,2019,11,8,11:00,-999,,-7.8,,62,,31,,22,,,,101.66,,,,-7,,NA
-73.74,45.47,MONTREAL/PIERRE ELLIOTT TRUDEAU INTL,702S006,2019-11-08 12:00,2019,11,8,12:00,-0.8,,-7.3,,61,,31,,20,,,,101.63,,,,-6,,NA
-73.74,45.47,MONTREAL/PIERRE ELLIOTT TRUDEAU INTL,702S006,2019-11-08 13:00,2019,11,8,13:00,0.2,,-7.1,,58,,30,,21,,,,101.61,,,,,,NA
-73.74,45.47,MONTREAL/PIERRE ELLIOTT TRUDEAU INTL,702S006,2019-11-08 14:00,2019,11,8,14:00,-0.2,,-7.8,,56,,30,,19,,,,101.61,,,,-5,,NA
-73.74,45.47,MONTREAL/PIERRE ELLIOTT TRUDEAU INTL,702S006,2019-11-08 15:00,2019,11,8,15:00,-0.3,,-7.8,,57,,30,,27,,,,101.65,,,,-7,,NA
-73.74,45.47,MONTREAL/PIERRE ELLIOTT TRUDEAU INTL,702S006,2019-11-08 16:00,2019,11,8,16:00,-0.5,,-8.7,,54,,30,,31,,,,101.7,,,,-7,,NA
-73.74,45.47,MONTREAL/PIERRE ELLIOTT TRUDEAU INTL,702S006,2019-11-08 17:00,2019,11,8,17:00,-1.2,,-8.5,,58,,30,,20,,,,101.78,,,,-7,,NA
-73.74,45.47,MONTREAL/PIERRE ELLIOTT TRUDEAU INTL,702S006,2019-11-08 18:00,2019,11,8,18:00,-1.9,,-8.9,,59,,30,,15,,,,101.88,,,,-7,,NA
-73.74,45.47,MONTREAL/PIERRE ELLIOTT TRUDEAU INTL,702S006,2019-11-08 19:00,2019,11,8,19:00,-2.5,,-8,,66,,30,,15,,,,-101.92,,,,-7,,NA
-73.74,45.47,MONTREAL/PIERRE ELLIOTT TRUDEAU INTL,702S006,2019-11-08 20:00,2019,11,8,20:00,-2.5,,-7.8,,67,,28,,9,,,,101.95,,,,-6,,NA
-73.74,45.47,MONTREAL/PIERRE ELLIOTT TRUDEAU INTL,702S006,2019-11-08 21:00,2019,11,8,21:00,NoData,,-8.9,,66,,30,,13,,,,101.98,,,,-8,,NA
-73.74,45.47,MONTREAL/PIERRE ELLIOTT TRUDEAU INTL,702S006,2019-11-08 22:00,2019,11,8,22:00,-4,,-8.9,,69,,28,,10,,,,102,,,,-8,,NA
-73.74,45.47,MONTREAL/PIERRE ELLIOTT TRUDEAU INTL,702S006,2019-11-08 23:00,2019,11,8,23:00,-4,,-8.9,,69,,30,,8,,,,101.99,,,,-7,,NA
-73.74,45.47,MONTREAL/PIERRE ELLIOTT TRUDEAU INTL,702S006,2019-11-09 0:00,2019,11,9,0:00,-3.7,,-9.1,,66,,999,,4,,,,102,,,,-5,,NA
-73.74,45.47,MONTREAL/PIERRE ELLIOTT TRUDEAU INTL,702S006,2019-11-09 1:00,2019,11,9,1:00,-5,,-8.5,,77,,26,,8,,,,101.99,,,,-9,,NA
-73.74,45.47,MONTREAL/PIERRE ELLIOTT TRUDEAU INTL,702S006,2019-11-09 2:00,2019,11,9,2:00,-4.9,,-8.5,,76,,999,,5,,,,101.99,,,,-7,,NA
-73.74,45.47,MONTREAL/PIERRE ELLIOTT TRUDEAU INTL,702S006,2019-11-09 3:00,2019,11,9,3:00,-5,,-8.3,,77,,999,,7,,,,101.98,,,,-8,,NA
-73.74,45.47,MONTREAL/PIERRE ELLIOTT TRUDEAU INTL,702S006,2019-11-09 4:00,2019,11,9,4:00,-5.2,,-8,,80,,999,,7,,,,101.95,,,,-8,,NA
-73.74,45.47,MONTREAL/PIERRE ELLIOTT TRUDEAU INTL,702S006,2019-11-09 5:00,2019,11,9,5:00,-5.1,,-8.5,,77,,24,,7,,,,101.94,,,,-8,,NA
-73.74,45.47,MONTREAL/PIERRE ELLIOTT TRUDEAU INTL,702S006,2019-11-09 6:00,2019,11,9,6:00,-6,,-7.6,,88,,28,,8,,,,101.93,,,,-10,,NA
-73.74,45.47,MONTREAL/PIERRE ELLIOTT TRUDEAU INTL,702S006,2019-11-09 7:00,2019,11,9,7:00,NoData,,-5.9,,83,,23,,10,,,,101.91,,,,-7,,NA
-73.74,45.47,MONTREAL/PIERRE ELLIOTT TRUDEAU INTL,702S006,2019-11-09 8:00,2019,11,9,8:00,NoData,,-6.4,,80,,23,,18,,,,-101.92,,,,-9,,NA
-73.74,45.47,MONTREAL/PIERRE ELLIOTT TRUDEAU INTL,702S006,2019-11-09 9:00,2019,11,9,9:00,-1.7,,-5.8,,74,,999,,12,,,,101.87,,,,-6,,NA
-73.74,45.47,MONTREAL/PIERRE ELLIOTT TRUDEAU INTL,702S006,2019-11-09 10:00,2019,11,9,10:00,0,,-6.6,,61,,24,,18,,,,101.81,,,,-5,,NA
-73.74,45.47,MONTREAL/PIERRE ELLIOTT TRUDEAU INTL,702S006,2019-11-09 11:00,2019,11,9,11:00,999,,-6.3,,56,,21,,24,,,,101.71,,,,,,NA
-73.74,45.47,MONTREAL/PIERRE ELLIOTT TRUDEAU INTL,702S006,2019-11-09 12:00,2019,11,9,12:00,1.3,,-6.3,,57,,21,,21,,,,101.57,,,,,,NA
-73.74,45.47,MONTREAL/PIERRE ELLIOTT TRUDEAU INTL,702S006,2019-11-09 13:00,2019,11,9,13:00,1.7,,-5.1,,61,,21,,20,,,,109997,,,,,,NA
-73.74,45.47,MONTREAL/PIERRE ELLIOTT TRUDEAU INTL,702S006,2019-11-09 14:00,2019,11,9,14:00,1,,-3.3,,73,,23,,15,,,,109990,,,,,,NA
-73.74,45.47,MONTREAL/PIERRE ELLIOTT TRUDEAU INTL,702S006,2019-11-09 15:00,2019,11,9,15:00,2.2,,-4.5,,61,,20,,20,,,,101.31,,,,,,NA
-73.74,45.47,MONTREAL/PIERRE ELLIOTT TRUDEAU INTL,702S006,2019-11-09 16:00,2019,11,9,16:00,2,,-3.6,,66,,20,,23,,,,101.3,,,,,,NA
-73.74,45.47,MONTREAL/PIERRE ELLIOTT TRUDEAU INTL,702S006,2019-11-09 17:00,2019,11,9,17:00,2.2,,-4.2,,62,,1800,,18,,,,101.27,,,,,,NA
-73.74,45.47,MONTREAL/PIERRE ELLIOTT TRUDEAU INTL,702S006,2019-11-09 18:00,2019,11,9,18:00,1.7,,-4.4,,64,,17,,17,,,,101.28,,,,,,NA
-73.74,45.47,MONTREAL/PIERRE ELLIOTT TRUDEAU INTL,702S006,2019-11-09 19:00,2019,11,9,19:00,1.8,,-4.9,,61,,18,,23,,,,101.24,,,,,,NA
-73.74,45.47,MONTREAL/PIERRE ELLIOTT TRUDEAU INTL,702S006,2019-11-09 20:00,2019,11,9,20:00,1.6,,-5,,62,,18,,20,,,,101.2,,,,,,NA
-73.74,45.47,MONTREAL/PIERRE ELLIOTT TRUDEAU INTL,702S006,2019-11-09 21:00,2019,11,9,21:00,1.7,,-5.4,,59,,17,,20,,,,101.14,,,,,,NA
-73.74,45.47,MONTREAL/PIERRE ELLIOTT TRUDEAU INTL,702S006,2019-11-09 22:00,2019,11,9,22:00,1.6,,-5.8,,58,,17,,999,,,,101.07,,,,,,NA
-73.74,45.47,MONTREAL/PIERRE ELLIOTT TRUDEAU INTL,702S006,2019-11-09 23:00,2019,11,9,23:00,1.7,,-5.8,,57,,17,,24,,,,101.02,,,,,,NA
-73.74,45.47,MONTREAL/PIERRE ELLIOTT TRUDEAU INTL,702S006,2019-11-10 0:00,2019,11,10,0:00,1.8,,-5.6,,58,,17,,21,,,,109999,,,,,,NA
-73.74,45.47,MONTREAL/PIERRE ELLIOTT TRUDEAU INTL,702S006,2019-11-10 1:00,2019,11,10,1:00,1.5,,-5,,62,,16,,16,,,,109994,,,,,,NA
-73.74,45.47,MONTREAL/PIERRE ELLIOTT TRUDEAU INTL,702S006,2019-11-10 2:00,2019,11,10,2:00,2.4,,-5,,58,,17,,17,,,,109990,,,,,,NA
-73.74,45.47,MONTREAL/PIERRE ELLIOTT TRUDEAU INTL,702S006,2019-11-10 3:00,2019,11,10,3:00,1.7,,-4.7,,63,,16,,16,,,,100.86,,,,,,NA
-73.74,45.47,MONTREAL/PIERRE ELLIOTT TRUDEAU INTL,702S006,2019-11-10 4:00,2019,11,10,4:00,2,,-5.4,,58,,17,,19,,,,100.82,,,,,,NA
-73.74,45.47,MONTREAL/PIERRE ELLIOTT TRUDEAU INTL,702S006,2019-11-10 5:00,2019,11,10,5:00,2.1,,-5.1,,59,,17,,18,,,,100.8,,,,,,NA
-73.74,45.47,MONTREAL/PIERRE ELLIOTT TRUDEAU INTL,702S006,2019-11-10 6:00,2019,11,10,6:00,2.4,,-4.1,,62,,17,,15,,,,100.75,,,,,,NA
-73.74,45.47,MONTREAL/PIERRE ELLIOTT TRUDEAU INTL,702S006,2019-11-10 7:00,2019,11,10,7:00,2.5,,-4.3,,61,,17,,15,,,,100.69,,,,,,NA
-73.74,45.47,MONTREAL/PIERRE ELLIOTT TRUDEAU INTL,702S006,2019-11-10 8:00,2019,11,10,8:00,2.7,,-4.6,,59,,17,,21,,,,100.71,,,,,,NA
-73.74,45.47,MONTREAL/PIERRE ELLIOTT TRUDEAU INTL,702S006,2019-11-10 9:00,2019,11,10,9:00,3.9,,-4.3,,55,,18,,22,,,,100.66,,,,,,NA
-73.74,45.47,MONTREAL/PIERRE ELLIOTT TRUDEAU INTL,702S006,2019-11-10 10:00,2019,11,10,10:00,4,,-4.3,,55,,18,,22,,,,100.64,,,,,,NA
-73.74,45.47,MONTREAL/PIERRE ELLIOTT TRUDEAU INTL,702S006,2019-11-10 11:00,2019,11,10,11:00,4.1,,NoData,,58,,18,,17,,,,100.6,,,,,,NA
-73.74,45.47,MONTREAL/PIERRE ELLIOTT TRUDEAU INTL,702S006,2019-11-10 12:00,2019,11,10,12:00,5.7,,-2.1,,57,,22,,20,,,,100.53,,,,,,NA
-73.74,45.47,MONTREAL/PIERRE ELLIOTT TRUDEAU INTL,702S006,2019-11-10 13:00,2019,11,10,13:00,6.2,,-1,,60,,23,,24,,,,100.53,,,,,,NA
-73.74,45.47,MONTREAL/PIERRE ELLIOTT TRUDEAU INTL,702S006,2019-11-10 14:00,2019,11,10,14:00,6.4,,-0.8,,60,,24,,20,,,,100.5,,,,,,NA
-73.74,45.47,MONTREAL/PIERRE ELLIOTT TRUDEAU INTL,702S006,2019-11-10 15:00,2019,11,10,15:00,6.6,,-0.7,,60,,24,,20,,,,100.57,,,,,,NA
-73.74,45.47,MONTREAL/PIERRE ELLIOTT TRUDEAU INTL,702S006,2019-11-10 16:00,2019,11,10,16:00,6.3,,-0.7,,61,,999,,20,,,,100.64,,,,,,NA
-73.74,45.47,MONTREAL/PIERRE ELLIOTT TRUDEAU INTL,702S006,2019-11-10 17:00,2019,11,10,17:00,5.3,,0.3,,71,,27,,14,,,,100.72,,,,,,NA
-73.74,45.47,MONTREAL/PIERRE ELLIOTT TRUDEAU INTL,702S006,2019-11-10 18:00,2019,11,10,18:00,4.5,,1.1,,78,,29,,24,,,,100.83,,,,,,NA
-73.74,45.47,MONTREAL/PIERRE ELLIOTT TRUDEAU INTL,702S006,2019-11-10 19:00,2019,11,10,19:00,2.5,,-0.6,,80,,33,,21,,,,109993,,,,,,NA
-73.74,45.47,MONTREAL/PIERRE ELLIOTT TRUDEAU INTL,702S006,2019-11-10 20:00,2019,11,10,20:00,2,,-3.1,,69,,30,,15,,,,101.05,,,,,,NA
-73.74,45.47,MONTREAL/PIERRE ELLIOTT TRUDEAU INTL,702S006,2019-11-10 21:00,2019,11,10,21:00,13,,-4.5,,65,,32,,17,,,,101.17,,,,,,NA
-73.74,45.47,MONTREAL/PIERRE ELLIOTT TRUDEAU INTL,702S006,2019-11-10 22:00,2019,11,10,22:00,0.4,,-6.5,,60,,33,,15,,,,101.27,,,,,,NA
-73.74,45.47,MONTREAL/PIERRE ELLIOTT TRUDEAU INTL,702S006,2019-11-10 23:00,2019,11,10,23:00,-0.2,,-6.2,,64,,31,,15,,,,101.35,,,,-5,,NA
-73.74,45.47,MONTREAL/PIERRE ELLIOTT TRUDEAU INTL,702S006,2019-11-11 0:00,2019,11,11,0:00,-1,,-7.8,,60,,33,,17,,,,109997,,,,-6,,NA
-73.74,45.47,MONTREAL/PIERRE ELLIOTT TRUDEAU INTL,702S006,2019-11-11 1:00,2019,11,11,1:00,-1.6,,-7.9,,62,,33,,18,,,,101.55,,,,-7,,NA
-73.74,45.47,MONTREAL/PIERRE ELLIOTT TRUDEAU INTL,702S006,2019-11-11 2:00,2019,11,11,2:00,-2.4,,-7.3,,69,,34,,13,,,,101.68,,,,-7,,NA
-73.74,45.47,MONTREAL/PIERRE ELLIOTT TRUDEAU INTL,702S006,2019-11-11 3:00,2019,11,11,3:00,-4,,-6.1,,85,,2,,14,,,,101.74,,,,-9,,NA
-73.74,45.47,MONTREAL/PIERRE ELLIOTT TRUDEAU INTL,702S006,2019-11-11 4:00,2019,11,11,4:00,-4.6,,-7.8,,78,,2,,13,,,,101.85,,,,-10,,NA
-73.74,45.47,MONTREAL/PIERRE ELLIOTT TRUDEAU INTL,702S006,2019-11-11 5:00,2019,11,11,5:00,-5,,-8.2,,78,,2,,14,,,,101.89,,,,-10,,NA
-73.74,45.47,MONTREAL/PIERRE ELLIOTT TRUDEAU INTL,702S006,2019-11-11 6:00,2019,11,11,6:00,-5.1,,-8.1,,79,,3,,13,,,,101.99,,,,-10,,NA
-73.74,45.47,MONTREAL/PIERRE ELLIOTT TRUDEAU INTL,702S006,2019-11-11 7:00,2019,11,11,7:00,-5.5,,-8.4,,80,,3,,12,,,,102.06,,,,-10,,NA
-73.74,45.47,MONTREAL/PIERRE ELLIOTT TRUDEAU INTL,702S006,2019-11-11 8:00,2019,11,11,8:00,-5.6,,-9.5,,74,,2,,14,,,,102.11,,,,-11,,NA
-73.74,45.47,MONTREAL/PIERRE ELLIOTT TRUDEAU INTL,702S006,2019-11-11 9:00,2019,11,11,9:00,-5.3,,-8.4,,78,,2,,15,,,,102.18,,,,-11,,NA
-73.74,45.47,MONTREAL/PIERRE ELLIOTT TRUDEAU INTL,702S006,2019-11-11 10:00,2019,11,11,10:00,-4.7,,-9.5,,69,,3,,11,,,,102.21,,,,-9,,NA
-73.74,45.47,MONTREAL/PIERRE ELLIOTT TRUDEAU INTL,702S006,2019-11-11 11:00,2019,11,11,11:00,-4.5,,-10.2,,64,,3,,13,,,,102.17,,,,-10,,NA
-73.74,45.47,MONTREAL/PIERRE ELLIOTT TRUDEAU INTL,702S006,2019-11-11 12:00,2019,11,11,12:00,-4,,-11.3,,57,,2,,13,,,,102.12,,,,-9,,NA
-73.74,45.47,MONTREAL/PIERRE ELLIOTT TRUDEAU INTL,702S006,2019-11-11 13:00,2019,11,11,13:00,-3.9,,-11.3,,56,,1,,13,,,,102.08,,,,-9,,NA
-73.74,45.47,MONTREAL/PIERRE ELLIOTT TRUDEAU INTL,702S006,2019-11-11 14:00,2019,11,11,14:00,-4,,-13.3,,48,,5,,8,,,,102.04,,,,-7,,NA
-73.74,45.47,MONTREAL/PIERRE ELLIOTT TRUDEAU INTL,702S006,2019-11-11 15:00,2019,11,11,15:00,-3.8,,-13.9,,46,,4,,14,,,,102.04,,,,-9,,NA
-73.74,45.47,MONTREAL/PIERRE ELLIOTT TRUDEAU INTL,702S006,2019-11-11 16:00,2019,11,11,16:00,-5,,-9.9,,68,,5,,10,,,,102.07,,,,-9,,NA
-73.74,45.47,MONTREAL/PIERRE ELLIOTT TRUDEAU INTL,702S006,2019-11-11 17:00,2019,11,11,17:00,-5.7,,-7.9,,85,,4,,13,,,,102.05,,,,-11,,NA
-73.74,45.47,MONTREAL/PIERRE ELLIOTT TRUDEAU INTL,702S006,2019-11-11 18:00,2019,11,11,18:00,-6,,-7.6,,88,,3,,14,,,,101.96,,,,-12,,NA
-73.74,45.47,MONTREAL/PIERRE ELLIOTT TRUDEAU INTL,702S006,2019-11-11 19:00,2019,11,11,19:00,-6,,-7.4,,90,,3,,16,,,,101.93,,,,-12,,NA
-73.74,45.47,MONTREAL/PIERRE ELLIOTT TRUDEAU INTL,702S006,2019-11-11 20:00,2019,11,11,20:00,-6,,-8.1,,85,,4,,20,,,,101.79,,,,-13,,NA
-73.74,45.47,MONTREAL/PIERRE ELLIOTT TRUDEAU INTL,702S006,2019-11-11 21:00,2019,11,11,21:00,-6.4,,-7.8,,90,,4,,21,,,,101.76,,,,-13,,NA
-73.74,45.47,MONTREAL/PIERRE ELLIOTT TRUDEAU INTL,702S006,2019-11-11 22:00,2019,11,11,22:00,-6.6,,-8,,89,,4,,22,,,,101.61,,,,-14,,NA
-73.74,45.47,MONTREAL/PIERRE ELLIOTT TRUDEAU INTL,702S006,2019-11-11 23:00,2019,11,11,23:00,-6.7,,-8,,90,,4,,19,,,,109995,,,,-14,,NA
-73.74,45.47,MONTREAL/PIERRE ELLIOTT TRUDEAU INTL,702S006,2019-11-12 0:00,2019,11,12,0:00,-6.7,,-8.2,,89,,3,,23,,,,101.3,,,,-14,,NA
-73.74,45.47,MONTREAL/PIERRE ELLIOTT TRUDEAU INTL,702S006,2019-11-12 1:00,2019,11,12,1:00,-7.2,,-8.7,,89,,2,,29,,,,101.14,,,,-16,,NA
-73.74,45.47,MONTREAL/PIERRE ELLIOTT TRUDEAU INTL,702S006,2019-11-12 2:00,2019,11,12,2:00,-7.3,,-8.8,,89,,2,,33,,,,109998,,,,-16,,NA
-73.74,45.47,MONTREAL/PIERRE ELLIOTT TRUDEAU INTL,702S006,2019-11-12 3:00,2019,11,12,3:00,-7.3,,-8.6,,90,,1,,27,,,,109990,,,,-16,,NA
-73.74,45.47,MONTREAL/PIERRE ELLIOTT TRUDEAU INTL,702S006,2019-11-12 4:00,2019,11,12,4:00,-7.1,,-8.4,,90,,1,,27,,,,100.8,,,,-15,,NA
-73.74,45.47,MONTREAL/PIERRE ELLIOTT TRUDEAU INTL,702S006,2019-11-12 5:00,2019,11,12,5:00,-6.8,,-8.2,,90,,1,,18,,,,100.76,,,,-13,,NA
-73.74,45.47,MONTREAL/PIERRE ELLIOTT TRUDEAU INTL,702S006,2019-11-12 6:00,2019,11,12,6:00,-6.5,,-7.6,,92,,35,,17,,,,100.74,,,,-13,,NA
-73.74,45.47,MONTREAL/PIERRE ELLIOTT TRUDEAU INTL,702S006,2019-11-12 7:00,2019,11,12,7:00,-6.5,,-7.7,,91,,34,,17,,,,100.75,,,,-13,,NA
-73.74,45.47,MONTREAL/PIERRE ELLIOTT TRUDEAU INTL,702S006,2019-11-12 8:00,2019,11,12,8:00,-6.4,,-7.8,,90,,31,,18,,,,100.82,,,,-13,,NA
-73.74,45.47,MONTREAL/PIERRE ELLIOTT TRUDEAU INTL,702S006,2019-11-12 9:00,2019,11,12,9:00,-6.4,,-8.1,,87,,31,,17,,,,100.87,,,,-13,,NA
-73.74,45.47,MONTREAL/PIERRE ELLIOTT TRUDEAU INTL,702S006,2019-11-12 10:00,2019,11,12,10:00,-6,,-8.8,,80,,30,,17,,,,100.88,,,,-12,,NA
-73.74,45.47,MONTREAL/PIERRE ELLIOTT TRUDEAU INTL,702S006,2019-11-12 11:00,2019,11,12,11:00,-5.2,,-9,,74,,28,,16,,,,100.88,,,,-11,,NA
-73.74,45.47,MONTREAL/PIERRE ELLIOTT TRUDEAU INTL,702S006,2019-11-12 12:00,2019,11,12,12:00,-5.1,,-9.4,,72,,28,,20,,,,100.86,,,,-12,,NA
-73.74,45.47,MONTREAL/PIERRE ELLIOTT TRUDEAU INTL,702S006,2019-11-12 13:00,2019,11,12,13:00,-5.3,,-9.9,,70,,27,,999,,,,100.87,,,,-13,,NA
-73.74,45.47,MONTREAL/PIERRE ELLIOTT TRUDEAU INTL,702S006,2019-11-12 14:00,2019,11,12,14:00,-5.8,,-10.4,,70,,27,,28,,,,109991,,,,-14,,NA
-73.74,45.47,MONTREAL/PIERRE ELLIOTT TRUDEAU INTL,702S006,2019-11-12 15:00,2019,11,12,15:00,-6.2,,-10.4,,72,,26,,23,,,,109997,,,,-14,,NA
-73.74,45.47,MONTREAL/PIERRE ELLIOTT TRUDEAU INTL,702S006,2019-11-12 16:00,2019,11,12,16:00,-6.6,,-11.2,,70,,27,,26,,,,101.05,,,,-15,,NA
-73.74,45.47,MONTREAL/PIERRE ELLIOTT TRUDEAU INTL,702S006,2019-11-12 17:00,2019,11,12,17:00,-7.4,,-12.6,,66,,28,,28,,,,101.08,,,,-16,,NA
-73.74,45.47,MONTREAL/PIERRE ELLIOTT TRUDEAU INTL,702S006,2019-11-12 18:00,2019,11,12,18:00,-7.8,,-13.6,,63,,28,,26,,,,101.13,,,,-16,,NA
-73.74,45.47,MONTREAL/PIERRE ELLIOTT TRUDEAU INTL,702S006,2019-11-12 19:00,2019,11,12,19:00,-8.4,,-13.3,,68,,28,,22,,,,101.21,,,,-16,,NA
-73.74,45.47,MONTREAL/PIERRE ELLIOTT TRUDEAU INTL,702S006,2019-11-12 20:00,2019,11,12,20:00,-9.1,,-15.1,,62,,28,,28,,,,101.22,,,,-18,,NA
-73.74,45.47,MONTREAL/PIERRE ELLIOTT TRUDEAU INTL,702S006,2019-11-12 21:00,2019,11,12,21:00,-9.7,,-15.5,,62,,28,,29,,,,101.28,,,,-19,,NA
-73.74,45.47,MONTREAL/PIERRE ELLIOTT TRUDEAU INTL,702S006,2019-11-12 22:00,2019,11,12,22:00,-10.1,,-15.6,,64,,28,,26,,,,101.29,,,,-19,,NA
-73.74,45.47,MONTREAL/PIERRE ELLIOTT TRUDEAU INTL,702S006,2019-11-12 23:00,2019,11,12,23:00,-10.3,,-15.5,,66,,27,,28,,,,101.27,,,,-20,,NA
-73.74,45.47,MONTREAL/PIERRE ELLIOTT TRUDEAU INTL,702S006,2019-11-13 0:00,2019,11,13,0:00,-10.5,,-15.2,,68,,27,,23,,,,101.33,,,,-19,,NA
-73.74,45.47,MONTREAL/PIERRE ELLIOTT TRUDEAU INTL,702S006,2019-11-13 1:00,2019,11,13,1:00,-10.8,,-15.1,,70,,27,,24,,,,101.37,,,,-20,,NA
-73.74,45.47,MONTREAL/PIERRE ELLIOTT TRUDEAU INTL,702S006,2019-11-13 2:00,2019,11,13,2:00,-11,,-16.8,,62,,28,,26,,,,109995,,,,-20,,NA
-73.74,45.47,MONTREAL/PIERRE ELLIOTT TRUDEAU INTL,702S006,2019-11-13 3:00,2019,11,13,3:00,-11.2,,-17,,63,,28,,27,,,,109998,,,,-21,,NA
-73.74,45.47,MONTREAL/PIERRE ELLIOTT TRUDEAU INTL,702S006,2019-11-13 4:00,2019,11,13,4:00,-11.6,,-15.9,,70,,27,,18,,,,101.55,,,,-19,,NA
-73.74,45.47,MONTREAL/PIERRE ELLIOTT TRUDEAU INTL,702S006,2019-11-13 5:00,2019,11,13,5:00,-12.3,,-16.3,,72,,999,,20,,,,101.64,,,,-21,,NA
-73.74,45.47,MONTREAL/PIERRE ELLIOTT TRUDEAU INTL,702S006,2019-11-13 6:00,2019,11,13,6:00,-12.2,,-16.1,,73,,26,,19,,,,101.75,,,,-20,,NA
-73.74,45.47,MONTREAL/PIERRE ELLIOTT TRUDEAU INTL,702S006,2019-11-13 7:00,2019,11,13,7:00,-12.8,,-16.7,,73,,24,,14,,,,101.88,,,,-20,,NA
-73.74,45.47,MONTREAL/PIERRE ELLIOTT TRUDEAU INTL,702S006,2019-11-13 8:00,2019,11,13,8:00,-13,,-17.3,,70,,999,,18,,,,101.97,,,,-21,,NA
-73.74,45.47,MONTREAL/PIERRE ELLIOTT TRUDEAU INTL,702S006,2019-11-13 9:00,2019,11,13,9:00,-12.3,,-16.9,,68,,999,,21,,,,102.08,,,,-21,,NA
-73.74,45.47,MONTREAL/PIERRE ELLIOTT TRUDEAU INTL,702S006,2019-11-13 10:00,2019,11,13,10:00,-11.5,,-16.3,,68,,24,,18,,,,102.17,,,,-19,,NA
-73.74,45.47,MONTREAL/PIERRE ELLIOTT TRUDEAU INTL,702S006,2019-11-13 11:00,2019,11,13,11:00,-10.2,,-15.7,,64,,24,,19,,,,102.22,,,,-18,,NA
-73.74,45.47,MONTREAL/PIERRE ELLIOTT TRUDEAU INTL,702S006,2019-11-13 12:00,2019,11,13,12:00,-8.8,,-14.5,,63,,999,,22,,,,102.22,,,,-17,,NA
-73.74,45.47,MONTREAL/PIERRE ELLIOTT TRUDEAU INTL,702S006,2019-11-13 13:00,2019,11,13,13:00,-7.8,,-13.7,,62,,26,,20,,,,102.22,,,,-15,,NA
-73.74,45.47,MONTREAL/PIERRE ELLIOTT TRUDEAU INTL,702S006,2019-11-13 14:00,2019,11,13,14:00,-7.2,,-14.1,,58,,999,,20,,,,102.28,,,,-14,,NA
-73.74,45.47,MONTREAL/PIERRE ELLIOTT TRUDEAU INTL,702S006,2019-11-13 15:00,2019,11,13,15:00,-7.5,,-14.6,,57,,999,,19,,,,102.35,,,,-15,,NA
-73.74,45.47,MONTREAL/PIERRE ELLIOTT TRUDEAU INTL,702S006,2019-11-13 16:00,2019,11,13,16:00,-7.9,,-14.7,,58,,999,,20,,,,102.42,,,,-15,,NA
-73.74,45.47,MONTREAL/PIERRE ELLIOTT TRUDEAU INTL,702S006,2019-11-13 17:00,2019,11,13,17:00,-8.8,,-14.6,,63,,999,,15,,,,102.49,,,,-15,,NA
-73.74,45.47,MONTREAL/PIERRE ELLIOTT TRUDEAU INTL,702S006,2019-11-13 18:00,2019,11,13,18:00,-9.1,,-14.9,,63,,999,,11,,,,102.56,,,,-15,,NA
-73.74,45.47,MONTREAL/PIERRE ELLIOTT TRUDEAU INTL,702S006,2019-11-13 19:00,2019,11,13,19:00,-9.5,,-15.3,,63,,999,,11,,,,102.55,,,,-15,,NA
-73.74,45.47,MONTREAL/PIERRE ELLIOTT TRUDEAU INTL,702S006,2019-11-13 20:00,2019,11,13,20:00,-9.7,,-15,,65,,999,,6,,,,102.54,,,,-13,,NA
-73.74,45.47,MONTREAL/PIERRE ELLIOTT TRUDEAU INTL,702S006,2019-11-13 21:00,2019,11,13,21:00,-9.5,,-14.6,,66,,999,,5,,,,102.55,,,,-12,,NA
-73.74,45.47,MONTREAL/PIERRE ELLIOTT TRUDEAU INTL,702S006,2019-11-13 22:00,2019,11,13,22:00,-8.8,,-13.9,,67,,999,,4,,,,102.57,,,,-11,,NA
-73.74,45.47,MONTREAL/PIERRE ELLIOTT TRUDEAU INTL,702S006,2019-11-13 23:00,2019,11,13,23:00,-9.1,,-13.2,,72,,23,,2,,,,102.58,,,,-10,,NA
-73.74,45.47,MONTREAL/PIERRE ELLIOTT TRUDEAU INTL,702S006,2019-11-14 0:00,2019,11,14,0:00,-8.5,,-1999,,79,,12,,4,,,,102.57,,,,-11,,NA
-73.74,45.47,MONTREAL/PIERRE ELLIOTT TRUDEAU INTL,702S006,2019-11-14 1:00,2019,11,14,1:00,-9.5,,-12.7,,78,,14,,11,,,,102.58,,,,-15,,NA
-73.74,45.47,MONTREAL/PIERRE ELLIOTT TRUDEAU INTL,702S006,2019-11-14 2:00,2019,11,14,2:00,-8.9,,-12.2,,77,,12,,8,,,,102.54,,,,-13,,NA
-73.74,45.47,MONTREAL/PIERRE ELLIOTT TRUDEAU INTL,702S006,2019-11-14 3:00,2019,11,14,3:00,-8.2,,-12.5,,72,,13,,12,,,,102.47,,,,-14,,NA
-73.74,45.47,MONTREAL/PIERRE ELLIOTT TRUDEAU INTL,702S006,2019-11-14 4:00,2019,11,14,4:00,-78,,-12.4,,69,,11,,11,,,,102.42,,,,-13,,NA
-73.74,45.47,MONTREAL/PIERRE ELLIOTT TRUDEAU INTL,702S006,2019-11-14 5:00,2019,11,14,5:00,-7.8,,-11.7,,74,,12,,17,,,,102.32,,,,-14,,NA
-73.74,45.47,MONTREAL/PIERRE ELLIOTT TRUDEAU INTL,702S006,2019-11-14 6:00,2019,11,14,6:00,-7.6,,-11,,77,,12,,15,,,,102.28,,,,-14,,NA
-73.74,45.47,MONTREAL/PIERRE ELLIOTT TRUDEAU INTL,702S006,2019-11-14 7:00,2019,11,14,7:00,-6.9,,-9,,85,,14,,19,,,,102.23,,,,-14,,NA
-73.74,45.47,MONTREAL/PIERRE ELLIOTT TRUDEAU INTL,702S006,2019-11-14 8:00,2019,11,14,8:00,,,,,,,,,,,,,,,,,,,
-73.74,45.47,MONTREAL/PIERRE ELLIOTT TRUDEAU INTL,702S006,2019-11-14 9:00,2019,11,14,9:00,,,,,,,,,,,,,,,,,,,
-73.74,45.47,MONTREAL/PIERRE ELLIOTT TRUDEAU INTL,702S006,2019-11-14 10:00,2019,11,14,10:00,,,,,,,,,,,,,,,,,,,
-73.74,45.47,MONTREAL/PIERRE ELLIOTT TRUDEAU INTL,702S006,2019-11-14 11:00,2019,11,14,11:00,,,,,,,,,,,,,,,,,,,
-73.74,45.47,MONTREAL/PIERRE ELLIOTT TRUDEAU INTL,702S006,2019-11-14 12:00,2019,11,14,12:00,,,,,,,,,,,,,,,,,,,
-73.74,45.47,MONTREAL/PIERRE ELLIOTT TRUDEAU INTL,702S006,2019-11-14 13:00,2019,11,14,13:00,,,,,,,,,,,,,,,,,,,
-73.74,45.47,MONTREAL/PIERRE ELLIOTT TRUDEAU INTL,702S006,2019-11-14 14:00,2019,11,14,14:00,,,,,,,,,,,,,,,,,,,
-73.74,45.47,MONTREAL/PIERRE ELLIOTT TRUDEAU INTL,702S006,2019-11-14 15:00,2019,11,14,15:00,,,,,,,,,,,,,,,,,,,
-73.74,45.47,MONTREAL/PIERRE ELLIOTT TRUDEAU INTL,702S006,2019-11-14 16:00,2019,11,14,16:00,,,,,,,,,,,,,,,,,,,
-73.74,45.47,MONTREAL/PIERRE ELLIOTT TRUDEAU INTL,702S006,2019-11-14 17:00,2019,11,14,17:00,,,,,,,,,,,,,,,,,,,
-73.74,45.47,MONTREAL/PIERRE ELLIOTT TRUDEAU INTL,702S006,2019-11-14 18:00,2019,11,14,18:00,,,,,,,,,,,,,,,,,,,
-73.74,45.47,MONTREAL/PIERRE ELLIOTT TRUDEAU INTL,702S006,2019-11-14 19:00,2019,11,14,19:00,,,,,,,,,,,,,,,,,,,
-73.74,45.47,MONTREAL/PIERRE ELLIOTT TRUDEAU INTL,702S006,2019-11-14 20:00,2019,11,14,20:00,,,,,,,,,,,,,,,,,,,
-73.74,45.47,MONTREAL/PIERRE ELLIOTT TRUDEAU INTL,702S006,2019-11-14 21:00,2019,11,14,21:00,,,,,,,,,,,,,,,,,,,
-73.74,45.47,MONTREAL/PIERRE ELLIOTT TRUDEAU INTL,702S006,2019-11-14 22:00,2019,11,14,22:00,,,,,,,,,,,,,,,,,,,
-73.74,45.47,MONTREAL/PIERRE ELLIOTT TRUDEAU INTL,702S006,2019-11-14 23:00,2019,11,14,23:00,,,,,,,,,,,,,,,,,,,
-73.74,45.47,MONTREAL/PIERRE ELLIOTT TRUDEAU INTL,702S006,2019-11-15 0:00,2019,11,15,0:00,,,,,,,,,,,,,,,,,,,
-73.74,45.47,MONTREAL/PIERRE ELLIOTT TRUDEAU INTL,702S006,2019-11-15 1:00,2019,11,15,1:00,0.5,,-3.2,,76,,24,,14,,,,109998,,,,,,NA
-73.74,45.47,MONTREAL/PIERRE ELLIOTT TRUDEAU INTL,702S006,2019-11-15 2:00,2019,11,15,2:00,0.4,,-1,,91,,21,,15,,,,109990,,,,,,NA
-73.74,45.47,MONTREAL/PIERRE ELLIOTT TRUDEAU INTL,702S006,2019-11-15 3:00,2019,11,15,3:00,0.4,,-1.1,,89,,21,,16,,,,101.31,,,,,,NA
-73.74,45.47,MONTREAL/PIERRE ELLIOTT TRUDEAU INTL,702S006,2019-11-15 4:00,2019,11,15,4:00,0.6,,-999,,90,,22,,16,,,,101.999,,,,,,NA
-73.74,45.47,MONTREAL/PIERRE ELLIOTT TRUDEAU INTL,702S006,2019-11-15 5:00,2019,11,15,5:00,1.1,,-2.4,,78,,24,,21,,,,101.21,,,,,,NA
-73.74,45.47,MONTREAL/PIERRE ELLIOTT TRUDEAU INTL,702S006,2019-11-15 6:00,2019,11,15,6:00,999,,-2.8,,76,,24,,18,,,,101.18,,,,,,NA
-73.74,45.47,MONTREAL/PIERRE ELLIOTT TRUDEAU INTL,702S006,2019-11-15 7:00,2019,11,15,7:00,0.4,,-3.3,,76,,999,,30,,,,101.17,,,,,,NA
-73.74,45.47,MONTREAL/PIERRE ELLIOTT TRUDEAU INTL,702S006,2019-11-15 8:00,2019,11,15,8:00,0.8,,-3.6,,73,,999,,21,,,,101.18,,,,,,NA
-73.74,45.47,MONTREAL/PIERRE ELLIOTT TRUDEAU INTL,702S006,2019-11-15 9:00,2019,11,15,9:00,1.8,,-4.1,,65,,24,,27,,,,101.16,,,,,,NA
-73.74,45.47,MONTREAL/PIERRE ELLIOTT TRUDEAU INTL,702S006,2019-11-15 10:00,2019,11,15,10:00,2.6,,-3.7,,63,,24,,28,,,,101.12,,,,,,NA
-73.74,45.47,MONTREAL/PIERRE ELLIOTT TRUDEAU INTL,702S006,2019-11-15 11:00,2019,11,15,11:00,2.2,,NoData,,66,,24,,21,,,,101.09,,,,,,NA
-73.74,45.47,MONTREAL/PIERRE ELLIOTT TRUDEAU INTL,702S006,2019-11-15 12:00,2019,11,15,12:00,2.5,,NoData,,65,,999,,23,,,,101.02,,,,,,NA
-73.74,45.47,MONTREAL/PIERRE ELLIOTT TRUDEAU INTL,702S006,2019-11-15 13:00,2019,11,15,13:00,2.7,,-2.6,,68,,999,,26,,,,101.01,,,,,,NA
-73.74,45.47,MONTREAL/PIERRE ELLIOTT TRUDEAU INTL,702S006,2019-11-15 14:00,2019,11,15,14:00,2.2,,-1.7,,75,,999,,23,,,,101.02,,,,,,NA
-73.74,45.47,MONTREAL/PIERRE ELLIOTT TRUDEAU INTL,702S006,2019-11-15 15:00,2019,11,15,15:00,-0.5,,-999,,94,,29,,35,,,,101.14,,,,-8,,NA
-73.74,45.47,MONTREAL/PIERRE ELLIOTT TRUDEAU INTL,702S006,2019-11-15 16:00,2019,11,15,16:00,0.3,,-4.4,,71,,28,,24,,,,101.27,,,,,,NA
-73.74,45.47,MONTREAL/PIERRE ELLIOTT TRUDEAU INTL,702S006,2019-11-15 17:00,2019,11,15,17:00,-0.7,,-6.8,,63,,30,,18,,,,109990,,,,-6,,NA
-73.74,45.47,MONTREAL/PIERRE ELLIOTT TRUDEAU INTL,702S006,2019-11-15 18:00,2019,11,15,18:00,-2.8,,-5.8,,80,,31,,24,,,,101.65,,,,-9,,NA
-73.74,45.47,MONTREAL/PIERRE ELLIOTT TRUDEAU INTL,702S006,2019-11-15 19:00,2019,11,15,19:00,-2.6,,-9.4,,60,,30,,31,,,,101.83,,,,-10,,NA
-73.74,45.47,MONTREAL/PIERRE ELLIOTT TRUDEAU INTL,702S006,2019-11-15 20:00,2019,11,15,20:00,-3.7,,-10.8,,58,,29,,30,,,,101.98,,,,-11,,NA
-73.74,45.47,MONTREAL/PIERRE ELLIOTT TRUDEAU INTL,702S006,2019-11-15 21:00,2019,11,15,21:00,-5,,-12.5,,56,,30,,27,,,,102.18,,,,-13,,NA
-73.74,45.47,MONTREAL/PIERRE ELLIOTT TRUDEAU INTL,702S006,2019-11-15 22:00,2019,11,15,22:00,-6.1,,-12.3,,61,,32,,23,,,,102.38,,,,-13,,NA
-73.74,45.47,MONTREAL/PIERRE ELLIOTT TRUDEAU INTL,702S006,2019-11-15 23:00,2019,11,15,23:00,-8,,-14.2,,61,,32,,20,,,,102.55,,,,-15,,NA
-73.74,45.47,MONTREAL/PIERRE ELLIOTT TRUDEAU INTL,702S006,2019-11-16 0:00,2019,11,16,0:00,-8.9,,-15.8,,57,,32,,22,,,,102.69,,,,-17,,NA
-73.74,45.47,MONTREAL/PIERRE ELLIOTT TRUDEAU INTL,702S006,2019-11-16 1:00,2019,11,16,1:00,-10,,-16.7,,58,,31,,17,,,,102.79,,,,-17,,NA
-73.74,45.47,MONTREAL/PIERRE ELLIOTT TRUDEAU INTL,702S006,2019-11-16 2:00,2019,11,16,2:00,-11,,-16.8,,62,,28,,11,,,,102.86,,,,-17,,NA
-73.74,45.47,MONTREAL/PIERRE ELLIOTT TRUDEAU INTL,702S006,2019-11-16 3:00,2019,11,16,3:00,-12,,-16.7,,68,,29,,7,,,,102.93,,,,-16,,NA
-73.74,45.47,MONTREAL/PIERRE ELLIOTT TRUDEAU INTL,702S006,2019-11-16 4:00,2019,11,16,4:00,-11.7,,-17,,65,,28,,9,,,,102.99,,,,-17,,NA
-73.74,45.47,MONTREAL/PIERRE ELLIOTT TRUDEAU INTL,702S006,2019-11-16 5:00,2019,11,16,5:00,-11.8,,-16.3,,69,,26,,8,,,,103.06,,,,-17,,NA
-73.74,45.47,MONTREAL/PIERRE ELLIOTT TRUDEAU INTL,702S006,2019-11-16 6:00,2019,11,16,6:00,-11.7,,-15.7,,72,,999,,8,,,,103.15,,,,-16,,NA
-73.74,45.47,MONTREAL/PIERRE ELLIOTT TRUDEAU INTL,702S006,2019-11-16 7:00,2019,11,16,7:00,-12.5,,-16.3,,73,,27,,10,,,,103.19,,,,-18,,NA
-73.74,45.47,MONTREAL/PIERRE ELLIOTT TRUDEAU INTL,702S006,2019-11-16 8:00,2019,11,16,8:00,-1999,,-15.2,,70,,26,,9,,,,103.29,,,,-16,,NA
-73.74,45.47,MONTREAL/PIERRE ELLIOTT TRUDEAU INTL,702S006,2019-11-16 9:00,2019,11,16,9:00,-9.9,,-14.1,,71,,27,,13,,,,103.34,,,,-16,,NA
-73.74,45.47,MONTREAL/PIERRE ELLIOTT TRUDEAU INTL,702S006,2019-11-16 10:00,2019,11,16,10:00,-8.5,,-15.5,,57,,999,,9,,,,103.36,,,,-13,,NA
-73.74,45.47,MONTREAL/PIERRE ELLIOTT TRUDEAU INTL,702S006,2019-11-16 11:00,2019,11,16,11:00,-7.7,,-14.6,,58,,22,,15,,,,103.35,,,,-14,,NA
-73.74,45.47,MONTREAL/PIERRE ELLIOTT TRUDEAU INTL,702S006,2019-11-16 12:00,2019,11,16,12:00,-7.2,,-15.2,,53,,999,,18,,,,103.33,,,,-14,,NA
-73.74,45.47,MONTREAL/PIERRE ELLIOTT TRUDEAU INTL,702S006,2019-11-16 13:00,2019,11,16,13:00,-6.2,,-15.3,,48,,999,,12,,,,103.27,,,,-11,,NA
-73.74,45.47,MONTREAL/PIERRE ELLIOTT TRUDEAU INTL,702S006,2019-11-16 14:00,2019,11,16,14:00,-5.6,,-14.7,,49,,26,,10,,,,103.2,,,,-10,,NA
-73.74,45.47,MONTREAL/PIERRE ELLIOTT TRUDEAU INTL,702S006,2019-11-16 15:00,2019,11,16,15:00,52,,-15,,46,,26,,8,,,,103.21,,,,-9,,NA
-73.74,45.47,MONTREAL/PIERRE ELLIOTT TRUDEAU INTL,702S006,2019-11-16 16:00,2019,11,16,16:00,-5.5,,-14.8,,48,,999,,9,,,,103.21,,,,-10,,NA
-73.74,45.47,MONTREAL/PIERRE ELLIOTT TRUDEAU INTL,702S006,2019-11-16 17:00,2019,11,16,17:00,-6.2,,-14.9,,50,,999,,6,,,,103.22,,,,-9,,NA
-73.74,45.47,MONTREAL/PIERRE ELLIOTT TRUDEAU INTL,702S006,2019-11-16 18:00,2019,11,16,18:00,-7,,-14.6,,55,,24,,5,,,,103.21,,,,-10,,NA
-73.74,45.47,MONTREAL/PIERRE ELLIOTT TRUDEAU INTL,702S006,2019-11-16 19:00,2019,11,16,19:00,-7.8,,-14.2,,60,,999,,5,,,,103.21,,,,-10,,NA
-73.74,45.47,MONTREAL/PIERRE ELLIOTT TRUDEAU INTL,702S006,2019-11-16 20:00,2019,11,16,20:00,-7.8,,-14.4,,59,,999,,5,,,,103.2,,,,-10,,NA
-73.74,45.47,MONTREAL/PIERRE ELLIOTT TRUDEAU INTL,702S006,2019-11-16 21:00,2019,11,16,21:00,-8.8,,-14.8,,62,,29,,3,,,,103.17,,,,-10,,NA
-73.74,45.47,MONTREAL/PIERRE ELLIOTT TRUDEAU INTL,702S006,2019-11-16 22:00,2019,11,16,22:00,-9,,-14.4,,65,,28,,3,,,,103.17,,,,-11,,NA
-73.74,45.47,MONTREAL/PIERRE ELLIOTT TRUDEAU INTL,702S006,2019-11-16 23:00,2019,11,16,23:00,-10,,-14.9,,68,,33,,1,,,,103.15,,,,-11,,NA
-73.74,45.47,MONTREAL/PIERRE ELLIOTT TRUDEAU INTL,702S006,2019-11-17 0:00,2019,11,17,0:00,-10,,-13.6,,75,,2,,4,,,,103.12,,,,-12,,NA
-73.74,45.47,MONTREAL/PIERRE ELLIOTT TRUDEAU INTL,702S006,2019-11-17 1:00,2019,11,17,1:00,-12.6,,-14.5,,86,,36,,5,,,,103.06,,,,-16,,NA
-73.74,45.47,MONTREAL/PIERRE ELLIOTT TRUDEAU INTL,702S006,2019-11-17 2:00,2019,11,17,2:00,-10.6,,-13.2,,81,,5,,3,,,,103,,,,-12,,NA
-73.74,45.47,MONTREAL/PIERRE ELLIOTT TRUDEAU INTL,702S006,2019-11-17 3:00,2019,11,17,3:00,-10.4,,-12.7,,83,,2,,9,,,,102.96,,,,-15,,NA
-73.74,45.47,MONTREAL/PIERRE ELLIOTT TRUDEAU INTL,702S006,2019-11-17 4:00,2019,11,17,4:00,-10.7,,-13,,83,,2,,7,,,,102.9,,,,-15,,NA
-73.74,45.47,MONTREAL/PIERRE ELLIOTT TRUDEAU INTL,702S006,2019-11-17 5:00,2019,11,17,5:00,-10.6,,-12.7,,85,,2,,10,,,,102.89,,,,-16,,NA
-73.74,45.47,MONTREAL/PIERRE ELLIOTT TRUDEAU INTL,702S006,2019-11-17 6:00,2019,11,17,6:00,-11.2,,-13.2,,85,,2,,10,,,,102.86,,,,-17,,NA
-73.74,45.47,MONTREAL/PIERRE ELLIOTT TRUDEAU INTL,702S006,2019-11-17 7:00,2019,11,17,7:00,-1999,,-13.4,,85,,2,,10,,,,102.85,,,,-17,,NA
-73.74,45.47,MONTREAL/PIERRE ELLIOTT TRUDEAU INTL,702S006,2019-11-17 8:00,2019,11,17,8:00,-10.4,,-12.6,,84,,2,,13,,,,102.81,,,,-17,,NA
-73.74,45.47,MONTREAL/PIERRE ELLIOTT TRUDEAU INTL,702S006,2019-11-17 9:00,2019,11,17,9:00,-8.7,,-12.6,,73,,4,,13,,,,102.77,,,,-15,,NA
-73.74,45.47,MONTREAL/PIERRE ELLIOTT TRUDEAU INTL,702S006,2019-11-17 10:00,2019,11,17,10:00,-7.9,,-11.8,,73,,2,,13,,,,102.72,,,,-14,,NA
-73.74,45.47,MONTREAL/PIERRE ELLIOTT TRUDEAU INTL,702S006,2019-11-17 11:00,2019,11,17,11:00,-6.1,,-12.9,,59,,3,,10,,,,102.65,,,,-11,,NA
-73.74,45.47,MONTREAL/PIERRE ELLIOTT TRUDEAU INTL,702S006,2019-11-17 12:00,2019,11,17,12:00,-4.9,,-12.9,,54,,4,,8,,,,102.52,,,,-8,,NA
-73.74,45.47,MONTREAL/PIERRE ELLIOTT TRUDEAU INTL,702S006,2019-11-17 13:00,2019,11,17,13:00,-3.7,,-12.1,,52,,5,,5,,,,102.43,,,,-6,,NA
-73.74,45.47,MONTREAL/PIERRE ELLIOTT TRUDEAU INTL,702S006,2019-11-17 14:00,2019,11,17,14:00,-3.3,,-12,,51,,4,,8,,,,102.33,,,,-7,,NA
-73.74,45.47,MONTREAL/PIERRE ELLIOTT TRUDEAU INTL,702S006,2019-11-17 15:00,2019,11,17,15:00,-2.7,,-1999,,51,,10,,6,,,,102.26,,,,-5,,NA
-73.74,45.47,MONTREAL/PIERRE ELLIOTT TRUDEAU INTL,702S006,2019-11-17 16:00,2019,11,17,16:00,-3.5,,-11.2,,55,,2,,11,,,,102.22,,,,-8,,NA
-73.74,45.47,MONTREAL/PIERRE ELLIOTT TRUDEAU INTL,702S006,2019-11-17 17:00,2019,11,17,17:00,-4.1,,-11.6,,56,,3,,9,,,,102.18,,,,-8,,NA
-73.74,45.47,MONTREAL/PIERRE ELLIOTT TRUDEAU INTL,702S006,2019-11-17 18:00,2019,11,17,18:00,-4.3,,-11.5,,57,,4,,13,,,,102.13,,,,-9,,NA
-73.74,45.47,MONTREAL/PIERRE ELLIOTT TRUDEAU INTL,702S006,2019-11-17 19:00,2019,11,17,19:00,-4.5,,-12.2,,55,,4,,11,,,,102.07,,,,-9,,NA
-73.74,45.47,MONTREAL/PIERRE ELLIOTT TRUDEAU INTL,702S006,2019-11-17 20:00,2019,11,17,20:00,-4.8,,-12.4,,55,,4,,11,,,,101.97,,,,-9,,NA
-73.74,45.47,MONTREAL/PIERRE ELLIOTT TRUDEAU INTL,702S006,2019-11-17 21:00,2019,11,17,21:00,-5.3,,-12.2,,58,,3,,12,,,,101.91,,,,-10,,NA
-73.74,45.47,MONTREAL/PIERRE ELLIOTT TRUDEAU INTL,702S006,2019-11-17 22:00,2019,11,17,22:00,-7.1,,-11.2,,72,,2,,13,,,,101.88,,,,-13,,NA
-73.74,45.47,MONTREAL/PIERRE ELLIOTT TRUDEAU INTL,702S006,2019-11-17 23:00,2019,11,17,23:00,-7.2,,-10.4,,78,,2,,13,,,,101.8,,,,-13,,NA
-73.74,45.47,MONTREAL/PIERRE ELLIOTT TRUDEAU INTL,702S006,2019-11-18 0:00,2019,11,18,0:00,-8.1,,-1999,,80,,2,,14,,,,101.77,,,,-14,,NA
-73.74,45.47,MONTREAL/PIERRE ELLIOTT TRUDEAU INTL,702S006,2019-11-18 1:00,2019,11,18,1:00,-8.3,,-1999,,82,,2,,13,,,,101.67,,,,-14,,NA
-73.74,45.47,MONTREAL/PIERRE ELLIOTT TRUDEAU INTL,702S006,2019-11-18 2:00,2019,11,18,2:00,-8.7,,-11.3,,82,,2,,14,,,,101.61,,,,-15,,NA
-73.74,45.47,MONTREAL/PIERRE ELLIOTT TRUDEAU INTL,702S006,2019-11-18 3:00,2019,11,18,3:00,-8.6,,-11.2,,82,,2,,16,,,,101.55,,,,-15,,NA
-73.74,45.47,MONTREAL/PIERRE ELLIOTT TRUDEAU INTL,702S006,2019-11-18 4:00,2019,11,18,4:00,-9.1,,-11.6,,82,,2,,17,,,,101.51,,,,-16,,NA
-73.74,45.47,MONTREAL/PIERRE ELLIOTT TRUDEAU INTL,702S006,2019-11-18 5:00,2019,11,18,5:00,-9.1,,-11.5,,83,,2,,16,,,,101.5,,,,-16,,NA
-73.74,45.47,MONTREAL/PIERRE ELLIOTT TRUDEAU INTL,702S006,2019-11-18 6:00,2019,11,18,6:00,-9.7,,-12,,83,,1,,17,,,,109993,,,,-17,,NA
-73.74,45.47,MONTREAL/PIERRE ELLIOTT TRUDEAU INTL,702S006,2019-11-18 7:00,2019,11,18,7:00,-9.2,,-11.9,,81,,2,,17,,,,109992,,,,-16,,NA
-73.74,45.47,MONTREAL/PIERRE ELLIOTT TRUDEAU INTL,702S006,2019-11-18 8:00,2019,11,18,8:00,-8.7,,-11.7,,79,,2,,16,,,,109991,,,,-15,,NA
-73.74,45.47,MONTREAL/PIERRE ELLIOTT TRUDEAU INTL,702S006,2019-11-18 9:00,2019,11,18,9:00,-7.4,,-10.8,,76,,2,,18,,,,101.36,,,,-14,,NA
-73.74,45.47,MONTREAL/PIERRE ELLIOTT TRUDEAU INTL,702S006,2019-11-18 10:00,2019,11,18,10:00,-5.7,,-9.8,,73,,2,,14,,,,101.29,,,,-11,,NA
-73.74,45.47,MONTREAL/PIERRE ELLIOTT TRUDEAU INTL,702S006,2019-11-18 11:00,2019,11,18,11:00,-4.7,,-9.1,,71,,1,,11,,,,101.18,,,,-9,,NA
-73.74,45.47,MONTREAL/PIERRE ELLIOTT TRUDEAU INTL,702S006,2019-11-18 12:00,2019,11,18,12:00,-3.7,,-8.1,,71,,36,,10,,,,101.12,,,,-8,,NA
-73.74,45.47,MONTREAL/PIERRE ELLIOTT TRUDEAU INTL,702S006,2019-11-18 13:00,2019,11,18,13:00,-2.9,,-7.7,,69,,1,,14,,,,101.04,,,,-8,,NA
-73.74,45.47,MONTREAL/PIERRE ELLIOTT TRUDEAU INTL,702S006,2019-11-18 14:00,2019,11,18,14:00,-2.1,,-7,,69,,2,,15,,,,109996,,,,-7,,NA
-73.74,45.47,MONTREAL/PIERRE ELLIOTT TRUDEAU INTL,702S006,2019-11-18 15:00,2019,11,18,15:00,-1.5,,-6.4,,69,,2,,13,,,,109990,,,,-6,,NA
-73.74,45.47,MONTREAL/PIERRE ELLIOTT TRUDEAU INTL,702S006,2019-11-18 16:00,2019,11,18,16:00,-1.3,,-6.6,,68,,2,,15,,,,100.83,,,,-6,,NA
-73.74,45.47,MONTREAL/PIERRE ELLIOTT TRUDEAU INTL,702S006,2019-11-18 17:00,2019,11,18,17:00,-0.8,,-11.3,,45,,4,,15,,,,100.8,,,,-5,,NA
-73.74,45.47,MONTREAL/PIERRE ELLIOTT TRUDEAU INTL,702S006,2019-11-18 18:00,2019,11,18,18:00,-1.3,,-8,,61,,2,,14,,,,100.78,,,,-6,,NA
-73.74,45.47,MONTREAL/PIERRE ELLIOTT TRUDEAU INTL,702S006,2019-11-18 19:00,2019,11,18,19:00,-1.9,,-7.9,,63,,36,,11,,,,100.72,,,,-6,,NA
-73.74,45.47,MONTREAL/PIERRE ELLIOTT TRUDEAU INTL,702S006,2019-11-18 20:00,2019,11,18,20:00,-2,,-7.8,,65,,2,,14,,,,100.65,,,,-7,,NA
-73.74,45.47,MONTREAL/PIERRE ELLIOTT TRUDEAU INTL,702S006,2019-11-18 21:00,2019,11,18,21:00,-1.9,,-7.5,,66,,1,,13,,,,100.6,,,,-6,,NA
-73.74,45.47,MONTREAL/PIERRE ELLIOTT TRUDEAU INTL,702S006,2019-11-18 22:00,2019,11,18,22:00,-2.4,,-7.2,,69,,1,,10,,,,100.54,,,,-6,,NA
-73.74,45.47,MONTREAL/PIERRE ELLIOTT TRUDEAU INTL,702S006,2019-11-18 23:00,2019,11,18,23:00,-1.9,,-6.9,,69,,1,,9,,,,100.5,,,,-5,,NA
-73.74,45.47,MONTREAL/PIERRE ELLIOTT TRUDEAU INTL,702S006,2019-11-19 0:00,2019,11,19,0:00,-1.8,,-6.7,,69,,36,,8,,,,100.48,,,,-5,,NA
-73.74,45.47,MONTREAL/PIERRE ELLIOTT TRUDEAU INTL,702S006,2019-11-19 1:00,2019,11,19,1:00,-1.8,,-6.4,,70,,36,,8,,,,100.44,,,,-5,,NA
-73.74,45.47,MONTREAL/PIERRE ELLIOTT TRUDEAU INTL,702S006,2019-11-19 2:00,2019,11,19,2:00,-1.6,,-5.9,,73,,34,,9,,,,100.44,,,,-5,,NA
-73.74,45.47,MONTREAL/PIERRE ELLIOTT TRUDEAU INTL,702S006,2019-11-19 3:00,2019,11,19,3:00,-1.3,,-5.6,,73,,1,,8,,,,100.42,,,,-4,,NA
-73.74,45.47,MONTREAL/PIERRE ELLIOTT TRUDEAU INTL,702S006,2019-11-19 4:00,2019,11,19,4:00,-1.2,,-4.9,,76,,1,,8,,,,100.4,,,,-4,,NA
-73.74,45.47,MONTREAL/PIERRE ELLIOTT TRUDEAU INTL,702S006,2019-11-19 5:00,2019,11,19,5:00,-1.1,,-5,,75,,2,,7,,,,100.39,,,,-4,,NA
-73.74,45.47,MONTREAL/PIERRE ELLIOTT TRUDEAU INTL,702S006,2019-11-19 6:00,2019,11,19,6:00,-1.1,,-4.2,,79,,1,,6,,,,100.42,,,,-3,,NA
-73.74,45.47,MONTREAL/PIERRE ELLIOTT TRUDEAU INTL,702S006,2019-11-19 7:00,2019,11,19,7:00,-999,,NoData,,83,,1,,8,,,,100.45,,,,-4,,NA
-73.74,45.47,MONTREAL/PIERRE ELLIOTT TRUDEAU INTL,702S006,2019-11-19 8:00,2019,11,19,8:00,-999,,-2.9,,86,,1,,7,,,,100.48,,,,-3,,NA
-73.74,45.47,MONTREAL/PIERRE ELLIOTT TRUDEAU INTL,702S006,2019-11-19 9:00,2019,11,19,9:00,-999,,-2.4,,90,,1,,8,,,,100.5,,,,-4,,NA
-73.74,45.47,MONTREAL/PIERRE ELLIOTT TRUDEAU INTL,702S006,2019-11-19 10:00,2019,11,19,10:00,-0.8,,-2.2,,90,,2,,8,,,,100.53,,,,-4,,NA
-73.74,45.47,MONTREAL/PIERRE ELLIOTT TRUDEAU INTL,702S006,2019-11-19 11:00,2019,11,19,11:00,-0.7,,-1.8,,92,,34,,4,,,,100.54,,,,-2,,NA
-73.74,45.47,MONTREAL/PIERRE ELLIOTT TRUDEAU INTL,702S006,2019-11-19 12:00,2019,11,19,12:00,-0.5,,-1.6,,92,,32,,5,,,,100.51,,,,-2,,NA
-73.74,45.47,MONTREAL/PIERRE ELLIOTT TRUDEAU INTL,702S006,2019-11-19 13:00,2019,11,19,13:00,-0.3,,-1.3,,92,,30,,6,,,,100.53,,,,-2,,NA
-73.74,45.47,MONTREAL/PIERRE ELLIOTT TRUDEAU INTL,702S006,2019-11-19 14:00,2019,11,19,14:00,0,,-1.2,,92,,30,,5,,,,100.57,,,,-2,,NA
-73.74,45.47,MONTREAL/PIERRE ELLIOTT TRUDEAU INTL,702S006,2019-11-19 15:00,2019,11,19,15:00,0.1,,-1,,92,,29,,6,,,,100.64,,,,,,NA
-73.74,45.47,MONTREAL/PIERRE ELLIOTT TRUDEAU INTL,702S006,2019-11-19 16:00,2019,11,19,16:00,0,,-999,,94,,30,,5,,,,100.71,,,,-2,,NA
-73.74,45.47,MONTREAL/PIERRE ELLIOTT TRUDEAU INTL,702S006,2019-11-19 17:00,2019,11,19,17:00,-0.4,,-1.1,,95,,31,,4,,,,100.78,,,,-2,,NA
-73.74,45.47,MONTREAL/PIERRE ELLIOTT TRUDEAU INTL,702S006,2019-11-19 18:00,2019,11,19,18:00,0,,-999,,94,,32,,7,,,,100.79,,,,-2,,NA
-73.74,45.47,MONTREAL/PIERRE ELLIOTT TRUDEAU INTL,702S006,2019-11-19 19:00,2019,11,19,19:00,0,,-0.8,,95,,28,,6,,,,100.85,,,,-2,,NA
-73.74,45.47,MONTREAL/PIERRE ELLIOTT TRUDEAU INTL,702S006,2019-11-19 20:00,2019,11,19,20:00,-0.3,,-1.3,,93,,29,,5,,,,109993,,,,-2,,NA
-73.74,45.47,MONTREAL/PIERRE ELLIOTT TRUDEAU INTL,702S006,2019-11-19 21:00,2019,11,19,21:00,-0.6,,-1.5,,93,,34,,4,,,,109995,,,,-2,,NA
-73.74,45.47,MONTREAL/PIERRE ELLIOTT TRUDEAU INTL,702S006,2019-11-19 22:00,2019,11,19,22:00,-0.2,,-1.2,,93,,36,,3,,,,109995,,,,-1,,NA
-73.74,45.47,MONTREAL/PIERRE ELLIOTT TRUDEAU INTL,702S006,2019-11-19 23:00,2019,11,19,23:00,-0.3,,-1.2,,94,,28,,2,,,,109996,,,,-1,,NA
-73.74,45.47,MONTREAL/PIERRE ELLIOTT TRUDEAU INTL,702S006,2019-11-20 0:00,2019,11,20,0:00,-0.1,,-1.1,,93,,27,,3,,,,109997,,,,-1,,NA
-73.74,45.47,MONTREAL/PIERRE ELLIOTT TRUDEAU INTL,702S006,2019-11-20 1:00,2019,11,20,1:00,-0.1,,-1,,94,,30,,1,,,,109996,,,,0,,NA
-73.74,45.47,MONTREAL/PIERRE ELLIOTT TRUDEAU INTL,702S006,2019-11-20 2:00,2019,11,20,2:00,-0.2,,-1.3,,92,,29,,4,,,,101.01,,,,-1,,NA
-73.74,45.47,MONTREAL/PIERRE ELLIOTT TRUDEAU INTL,702S006,2019-11-20 3:00,2019,11,20,3:00,-0.1,,-1.3,,92,,,,0,,,,101.04,,,,,,NA
-73.74,45.47,MONTREAL/PIERRE ELLIOTT TRUDEAU INTL,702S006,2019-11-20 4:00,2019,11,20,4:00,-0.2,,-1.3,,92,,28,,3,,,,101.04,,,,-1,,NA
-73.74,45.47,MONTREAL/PIERRE ELLIOTT TRUDEAU INTL,702S006,2019-11-20 5:00,2019,11,20,5:00,0,,-999,,91,,,,0,,,,101.09,,,,,,NA
-73.74,45.47,MONTREAL/PIERRE ELLIOTT TRUDEAU INTL,702S006,2019-11-20 6:00,2019,11,20,6:00,0,,-999,,90,,28,,2,,,,101.14,,,,-1,,NA
-73.74,45.47,MONTREAL/PIERRE ELLIOTT TRUDEAU INTL,702S006,2019-11-20 7:00,2019,11,20,7:00,-0.3,,-1.1,,94,,31,,5,,,,101.22,,,,-2,,NA
-73.74,45.47,MONTREAL/PIERRE ELLIOTT TRUDEAU INTL,702S006,2019-11-20 8:00,2019,11,20,8:00,-0.7,,-2.5,,88,,27,,9,,,,101.26,,,,-4,,NA
-73.74,45.47,MONTREAL/PIERRE ELLIOTT TRUDEAU INTL,702S006,2019-11-20 9:00,2019,11,20,9:00,-0.6,,-1.9,,90,,29,,7,,,,101.26,,,,-3,,NA
-73.74,45.47,MONTREAL/PIERRE ELLIOTT TRUDEAU INTL,702S006,2019-11-20 10:00,2019,11,20,10:00,-0.3,,-1.3,,93,,30,,9,,,,101.29,,,,-3,,NA
-73.74,45.47,MONTREAL/PIERRE ELLIOTT TRUDEAU INTL,702S006,2019-11-20 11:00,2019,11,20,11:00,0.3,,-999,,91,,29,,7,,,,101.28,,,,,,NA
-73.74,45.47,MONTREAL/PIERRE ELLIOTT TRUDEAU INTL,702S006,2019-11-20 12:00,2019,11,20,12:00,0.8,,-999,,89,,27,,7,,,,101.27,,,,,,NA
-73.74,45.47,MONTREAL/PIERRE ELLIOTT TRUDEAU INTL,702S006,2019-11-20 13:00,2019,11,20,13:00,1.1,,-0.8,,87,,28,,7,,,,101.29,,,,,,NA
-73.74,45.47,MONTREAL/PIERRE ELLIOTT TRUDEAU INTL,702S006,2019-11-20 14:00,2019,11,20,14:00,1.1,,-0.5,,89,,28,,7,,,,101.32,,,,,,NA
-73.74,45.47,MONTREAL/PIERRE ELLIOTT TRUDEAU INTL,702S006,2019-11-20 15:00,2019,11,20,15:00,1.3,,-0.5,,88,,27,,9,,,,101.37,,,,,,NA
-73.74,45.47,MONTREAL/PIERRE ELLIOTT TRUDEAU INTL,702S006,2019-11-20 16:00,2019,11,20,16:00,1.1,,-0.2,,91,,28,,7,,,,109992,,,,,,NA
-73.74,45.47,MONTREAL/PIERRE ELLIOTT TRUDEAU INTL,702S006,2019-11-20 17:00,2019,11,20,17:00,1,,-0.1,,92,,24,,5,,,,109996,,,,,,NA
-73.74,45.47,MONTREAL/PIERRE ELLIOTT TRUDEAU INTL,702S006,2019-11-20 18:00,2019,11,20,18:00,1.3,,-0.1,,90,,24,,5,,,,101.51,,,,,,NA
-73.74,45.47,MONTREAL/PIERRE ELLIOTT TRUDEAU INTL,702S006,2019-11-20 19:00,2019,11,20,19:00,1.6,,-0.5,,86,,23,,7,,,,101.55,,,,,,NA
-73.74,45.47,MONTREAL/PIERRE ELLIOTT TRUDEAU INTL,702S006,2019-11-20 20:00,2019,11,20,20:00,1.6,,-999,,81,,26,,6,,,,101.57,,,,,,NA
-73.74,45.47,MONTREAL/PIERRE ELLIOTT TRUDEAU INTL,702S006,2019-11-20 21:00,2019,11,20,21:00,1.2,,-1.6,,82,,29,,4,,,,101.61,,,,,,NA
-73.74,45.47,MONTREAL/PIERRE ELLIOTT TRUDEAU INTL,702S006,2019-11-20 22:00,2019,11,20,22:00,0.2,,-3.1,,78,,30,,8,,,,101.63,,,,,,NA
-73.74,45.47,MONTREAL/PIERRE ELLIOTT TRUDEAU INTL,702S006,2019-11-20 23:00,2019,11,20,23:00,-1.2,,-3.8,,82,,30,,5,,,,101.66,,,,-3,,NA
-73.74,45.47,MONTREAL/PIERRE ELLIOTT TRUDEAU INTL,702S006,2019-11-21 0:00,2019,11,21,0:00,-0.7,,-3.9,,79,,27,,8,,,,101.69,,,,-4,,NA
-73.74,45.47,MONTREAL/PIERRE ELLIOTT TRUDEAU INTL,702S006,2019-11-21 1:00,2019,11,21,1:00,-2.9,,-5.1,,84,,27,,4,,,,101.72,,,,-4,,NA
-73.74,45.47,MONTREAL/PIERRE ELLIOTT TRUDEAU INTL,702S006,2019-11-21 2:00,2019,11,21,2:00,-2.7,,-4.4,,88,,32,,3,,,,101.78,,,,-4,,NA
-73.74,45.47,MONTREAL/PIERRE ELLIOTT TRUDEAU INTL,702S006,2019-11-21 3:00,2019,11,21,3:00,-3.8,,-5.2,,90,,30,,4,,,,101.77,,,,-5,,NA
-73.74,45.47,MONTREAL/PIERRE ELLIOTT TRUDEAU INTL,702S006,2019-11-21 4:00,2019,11,21,4:00,-3,,-4.5,,89,,28,,3,,,,101.79,,,,-4,,NA
-73.74,45.47,MONTREAL/PIERRE ELLIOTT TRUDEAU INTL,702S006,2019-11-21 5:00,2019,11,21,5:00,-5,,-6.1,,92,,0,,1,,,,101.82,,,,-5,,NA
-73.74,45.47,MONTREAL/PIERRE ELLIOTT TRUDEAU INTL,702S006,2019-11-21 6:00,2019,11,21,6:00,-4.3,,-5.1,,94,,,,0,,,,101.8,,,,,,NA
-73.74,45.47,MONTREAL/PIERRE ELLIOTT TRUDEAU INTL,702S006,2019-11-21 7:00,2019,11,21,7:00,NoData,,-3.8,,97,,999,,6,,,,101.87,,,,-6,,NA
-73.74,45.47,MONTREAL/PIERRE ELLIOTT TRUDEAU INTL,702S006,2019-11-21 8:00,2019,11,21,8:00,-3,,NoData,,97,,23,,4,,,,101.88,,,,-5,,NA
-73.74,45.47,MONTREAL/PIERRE ELLIOTT TRUDEAU INTL,702S006,2019-11-21 9:00,2019,11,21,9:00,-1.5,,-3.5,,86,,999,,7,,,,101.91,,,,-4,,NA
-73.74,45.47,MONTREAL/PIERRE ELLIOTT TRUDEAU INTL,702S006,2019-11-21 10:00,2019,11,21,10:00,-0.5,,NoData,,81,,30,,4,,,,101.86,,,,-2,,NA
-73.74,45.47,MONTREAL/PIERRE ELLIOTT TRUDEAU INTL,702S006,2019-11-21 11:00,2019,11,21,11:00,1.6,,-3.7,,68,,23,,2,,,,101.77,,,,,,NA
-73.74,45.47,MONTREAL/PIERRE ELLIOTT TRUDEAU INTL,702S006,2019-11-21 12:00,2019,11,21,12:00,2.5,,-3,,67,,18,,5,,,,101.66,,,,,,NA
-73.74,45.47,MONTREAL/PIERRE ELLIOTT TRUDEAU INTL,702S006,2019-11-21 13:00,2019,11,21,13:00,2.3,,-2.1,,73,,20,,11,,,,101.57,,,,,,NA
-73.74,45.47,MONTREAL/PIERRE ELLIOTT TRUDEAU INTL,702S006,2019-11-21 14:00,2019,11,21,14:00,1.9,,-1.7,,77,,23,,11,,,,101.52,,,,,,NA
-73.74,45.47,MONTREAL/PIERRE ELLIOTT TRUDEAU INTL,702S006,2019-11-21 15:00,2019,11,21,15:00,1.9,,-999,,79,,20,,12,,,,109993,,,,,,NA
-73.74,45.47,MONTREAL/PIERRE ELLIOTT TRUDEAU INTL,702S006,2019-11-21 16:00,2019,11,21,16:00,1.7,,-999,,80,,16,,9,,,,101.35,,,,,,NA
-73.74,45.47,MONTREAL/PIERRE ELLIOTT TRUDEAU INTL,702S006,2019-11-21 17:00,2019,11,21,17:00,2,,-999,,78,,17,,15,,,,1001.28,,,,,,NA
-73.74,45.47,MONTREAL/PIERRE ELLIOTT TRUDEAU INTL,702S006,2019-11-21 18:00,2019,11,21,18:00,1.8,,-1.3,,80,,15,,12,,,,101.19,,,,,,NA
-73.74,45.47,MONTREAL/PIERRE ELLIOTT TRUDEAU INTL,702S006,2019-11-21 19:00,2019,11,21,19:00,1.8,,-1.3,,80,,13,,15,,,,101.08,,,,,,NA
-73.74,45.47,MONTREAL/PIERRE ELLIOTT TRUDEAU INTL,702S006,2019-11-21 20:00,2019,11,21,20:00,1.5,,-1.3,,82,,11,,15,,,,109990,,,,,,NA
-73.74,45.47,MONTREAL/PIERRE ELLIOTT TRUDEAU INTL,702S006,2019-11-21 21:00,2019,11,21,21:00,999,,-1.1,,84,,12,,16,,,,100.74,,,,,,NA
-73.74,45.47,MONTREAL/PIERRE ELLIOTT TRUDEAU INTL,702S006,2019-11-21 22:00,2019,11,21,22:00,1.2,,-0.5,,89,,13,,12,,,,100.65,,,,,,NA
-73.74,45.47,MONTREAL/PIERRE ELLIOTT TRUDEAU INTL,702S006,2019-11-21 23:00,2019,11,21,23:00,1.6,,0.7,,93,,12,,23,,,,100.26,,,,,,NA
-73.74,45.47,MONTREAL/PIERRE ELLIOTT TRUDEAU INTL,702S006,2019-11-22 0:00,2019,11,22,0:00,2.2,,0.8,,90,,15,,20,,,,100.27,,,,,,NA
-73.74,45.47,MONTREAL/PIERRE ELLIOTT TRUDEAU INTL,702S006,2019-11-22 1:00,2019,11,22,1:00,1.9,,1.1,,94,,14,,18,,,,100.08,,,,,,NA
-73.74,45.47,MONTREAL/PIERRE ELLIOTT TRUDEAU INTL,702S006,2019-11-22 2:00,2019,11,22,2:00,2.1,,1.2,,94,,14,,20,,,,99.98,,,,,,NA
-73.74,45.47,MONTREAL/PIERRE ELLIOTT TRUDEAU INTL,702S006,2019-11-22 3:00,2019,11,22,3:00,2.4,,999,,93,,14,,19,,,,99.82,,,,,,NA
-73.74,45.47,MONTREAL/PIERRE ELLIOTT TRUDEAU INTL,702S006,2019-11-22 4:00,2019,11,22,4:00,2.4,,1.9,,96,,14,,18,,,,99.67,,,,,,NA
-73.74,45.47,MONTREAL/PIERRE ELLIOTT TRUDEAU INTL,702S006,2019-11-22 5:00,2019,11,22,5:00,2.6,,2,,96,,15,,15,,,,99.55,,,,,,NA
-73.74,45.47,MONTREAL/PIERRE ELLIOTT TRUDEAU INTL,702S006,2019-11-22 6:00,2019,11,22,6:00,3,,2.6,,98,,15,,17,,,,99.45,,,,,,NA
-73.74,45.47,MONTREAL/PIERRE ELLIOTT TRUDEAU INTL,702S006,2019-11-22 7:00,2019,11,22,7:00,4.7,,4.2,,97,,17,,17,,,,99.34,,,,,,NA
-73.74,45.47,MONTREAL/PIERRE ELLIOTT TRUDEAU INTL,702S006,2019-11-22 8:00,2019,11,22,8:00,6.9,,6,,94,,23,,17,,,,99.36,,,,,,NA
-73.74,45.47,MONTREAL/PIERRE ELLIOTT TRUDEAU INTL,702S006,2019-11-22 9:00,2019,11,22,9:00,6.8,,4.3,,84,,24,,24,,,,99.37,,,,,,NA
-73.74,45.47,MONTREAL/PIERRE ELLIOTT TRUDEAU INTL,702S006,2019-11-22 10:00,2019,11,22,10:00,6.1,,2.6,,78,,24,,27,,,,99.38,,,,,,NA
-73.74,45.47,MONTREAL/PIERRE ELLIOTT TRUDEAU INTL,702S006,2019-11-22 11:00,2019,11,22,11:00,5.8,,1.9,,76,,24,,29,,,,99.41,,,,,,NA
-73.74,45.47,MONTREAL/PIERRE ELLIOTT TRUDEAU INTL,702S006,2019-11-22 12:00,2019,11,22,12:00,4.8,,0.3,,73,,999,,31,,,,99.47,,,,,,NA
-73.74,45.47,MONTREAL/PIERRE ELLIOTT TRUDEAU INTL,702S006,2019-11-22 13:00,2019,11,22,13:00,3.7,,-1.6,,68,,27,,38,,,,99.55,,,,,,NA
-73.74,45.47,MONTREAL/PIERRE ELLIOTT TRUDEAU INTL,702S006,2019-11-22 14:00,2019,11,22,14:00,2.4,,-2.1,,72,,27,,32,,,,99.68,,,,,,NA
-73.74,45.47,MONTREAL/PIERRE ELLIOTT TRUDEAU INTL,702S006,2019-11-22 15:00,2019,11,22,15:00,1.3,,-2.9,,73,,27,,999,,,,99.86,,,,,,NA
-73.74,45.47,MONTREAL/PIERRE ELLIOTT TRUDEAU INTL,702S006,2019-11-22 16:00,2019,11,22,16:00,0.7,,-6.3,,59,,28,,38,,,,100.02,,,,,,NA
-73.74,45.47,MONTREAL/PIERRE ELLIOTT TRUDEAU INTL,702S006,2019-11-22 17:00,2019,11,22,17:00,0.1,,-6.6,,61,,28,,32,,,,100.14,,,,,,NA
-73.74,45.47,MONTREAL/PIERRE ELLIOTT TRUDEAU INTL,702S006,2019-11-22 18:00,2019,11,22,18:00,-0.4,,-5.9,,66,,29,,29,,,,100.3,,,,-7,,NA
-73.74,45.47,MONTREAL/PIERRE ELLIOTT TRUDEAU INTL,702S006,2019-11-22 19:00,2019,11,22,19:00,-0.7,,-6.5,,65,,28,,24,,,,100.43,,,,-7,,NA
-73.74,45.47,MONTREAL/PIERRE ELLIOTT TRUDEAU INTL,702S006,2019-11-22 20:00,2019,11,22,20:00,-1.2,,-8.7,,57,,29,,30,,,,100.52,,,,-8,,NA
-73.74,45.47,MONTREAL/PIERRE ELLIOTT TRUDEAU INTL,702S006,2019-11-22 21:00,2019,11,22,21:00,-2,,-9.8,,55,,29,,33,,,,100.59,,,,-9,,NA
-73.74,45.47,MONTREAL/PIERRE ELLIOTT TRUDEAU INTL,702S006,2019-11-22 22:00,2019,11,22,22:00,-2.6,,-9.3,,60,,28,,27,,,,100.7,,,,-10,,NA
-73.74,45.47,MONTREAL/PIERRE ELLIOTT TRUDEAU INTL,702S006,2019-11-22 23:00,2019,11,22,23:00,-3.2,,-9.8,,60,,27,,28,,,,100.8,,,,-10,,NA
-73.74,45.47,MONTREAL/PIERRE ELLIOTT TRUDEAU INTL,702S006,2019-11-23 0:00,2019,11,23,0:00,-3.7,,-10,,62,,28,,32,,,,100.85,,,,-12,,NA
-73.74,45.47,MONTREAL/PIERRE ELLIOTT TRUDEAU INTL,702S006,2019-11-23 1:00,2019,11,23,1:00,-4.2,,-10.2,,63,,28,,27,,,,109990,,,,-12,,NA
-73.74,45.47,MONTREAL/PIERRE ELLIOTT TRUDEAU INTL,702S006,2019-11-23 2:00,2019,11,23,2:00,-4.9,,-10.8,,63,,28,,22,,,,101,,,,-12,,NA
-73.74,45.47,MONTREAL/PIERRE ELLIOTT TRUDEAU INTL,702S006,2019-11-23 3:00,2019,11,23,3:00,-5.5,,-11,,65,,28,,15,,,,101.02,,,,-11,,NA
-73.74,45.47,MONTREAL/PIERRE ELLIOTT TRUDEAU INTL,702S006,2019-11-23 4:00,2019,11,23,4:00,-5.6,,-11.1,,65,,27,,14,,,,101.03,,,,-11,,NA
-73.74,45.47,MONTREAL/PIERRE ELLIOTT TRUDEAU INTL,702S006,2019-11-23 5:00,2019,11,23,5:00,-5.8,,-11.1,,66,,999,,9,,,,109997,,,,-10,,NA
-73.74,45.47,MONTREAL/PIERRE ELLIOTT TRUDEAU INTL,702S006,2019-11-23 6:00,2019,11,23,6:00,-5.4,,-10.7,,66,,24,,11,,,,109997,,,,-10,,NA
-73.74,45.47,MONTREAL/PIERRE ELLIOTT TRUDEAU INTL,702S006,2019-11-23 7:00,2019,11,23,7:00,-5.2,,-9.3,,73,,999,,13,,,,109998,,,,-10,,NA
-73.74,45.47,MONTREAL/PIERRE ELLIOTT TRUDEAU INTL,702S006,2019-11-23 8:00,2019,11,23,8:00,-3.6,,-9.5,,64,,999,,16,,,,109997,,,,-9,,NA
-73.74,45.47,MONTREAL/PIERRE ELLIOTT TRUDEAU INTL,702S006,2019-11-23 9:00,2019,11,23,9:00,-2.5,,-9.1,,60,,26,,16,,,,109994,,,,-8,,NA
-73.74,45.47,MONTREAL/PIERRE ELLIOTT TRUDEAU INTL,702S006,2019-11-23 10:00,2019,11,23,10:00,-999,,-8.2,,60,,24,,15,,,,109994,,,,-6,,NA
-73.74,45.47,MONTREAL/PIERRE ELLIOTT TRUDEAU INTL,702S006,2019-11-23 11:00,2019,11,23,11:00,-0.4,,-5.6,,68,,22,,16,,,,100.84,,,,-5,,NA
-73.74,45.47,MONTREAL/PIERRE ELLIOTT TRUDEAU INTL,702S006,2019-11-23 12:00,2019,11,23,12:00,0.4,,-5.6,,64,,22,,15,,,,100.74,,,,,,NA
-73.74,45.47,MONTREAL/PIERRE ELLIOTT TRUDEAU INTL,702S006,2019-11-23 13:00,2019,11,23,13:00,999,,-4.5,,65,,22,,14,,,,100.64,,,,,,NA
-73.74,45.47,MONTREAL/PIERRE ELLIOTT TRUDEAU INTL,702S006,2019-11-23 14:00,2019,11,23,14:00,2.1,,-3.6,,66,,22,,12,,,,100.56,,,,,,NA
-73.74,45.47,MONTREAL/PIERRE ELLIOTT TRUDEAU INTL,702S006,2019-11-23 15:00,2019,11,23,15:00,3.4,,-3.1,,62,,22,,15,,,,100.5,,,,,,NA
-73.74,45.47,MONTREAL/PIERRE ELLIOTT TRUDEAU INTL,702S006,2019-11-23 16:00,2019,11,23,16:00,2.6,,-2.4,,70,,23,,14,,,,100.49,,,,,,NA
-73.74,45.47,MONTREAL/PIERRE ELLIOTT TRUDEAU INTL,702S006,2019-11-23 17:00,2019,11,23,17:00,2.7,,-2.5,,69,,22,,16,,,,100.43,,,,,,NA
-73.74,45.47,MONTREAL/PIERRE ELLIOTT TRUDEAU INTL,702S006,2019-11-23 18:00,2019,11,23,18:00,2.3,,-2.2,,72,,22,,12,,,,100.38,,,,,,NA
-73.74,45.47,MONTREAL/PIERRE ELLIOTT TRUDEAU INTL,702S006,2019-11-23 19:00,2019,11,23,19:00,1.8,,-2.4,,74,,23,,9,,,,100.35,,,,,,NA
-73.74,45.47,MONTREAL/PIERRE ELLIOTT TRUDEAU INTL,702S006,2019-11-23 20:00,2019,11,23,20:00,-0.5,,-3.1,,82,,17,,9,,,,100.29,,,,-4,,NA
-73.74,45.47,MONTREAL/PIERRE ELLIOTT TRUDEAU INTL,702S006,2019-11-23 21:00,2019,11,23,21:00,0.7,,-2.8,,78,,22,,9,,,,100.3,,,,,,NA
-73.74,45.47,MONTREAL/PIERRE ELLIOTT TRUDEAU INTL,702S006,2019-11-23 22:00,2019,11,23,22:00,999,,-2.1,,80,,20,,8,,,,100.2,,,,,,NA
-73.74,45.47,MONTREAL/PIERRE ELLIOTT TRUDEAU INTL,702S006,2019-11-23 23:00,2019,11,23,23:00,0,,-3,,81,,12,,7,,,,100.12,,,,-2,,NA
-73.74,45.47,MONTREAL/PIERRE ELLIOTT TRUDEAU INTL,702S006,2019-11-24 0:00,2019,11,24,0:00,-0.5,,-3.2,,82,,12,,9,,,,100.06,,,,-4,,NA
-73.74,45.47,MONTREAL/PIERRE ELLIOTT TRUDEAU INTL,702S006,2019-11-24 1:00,2019,11,24,1:00,-0.3,,-3.9,,76,,11,,8,,,,100.01,,,,-3,,NA
-73.74,45.47,MONTREAL/PIERRE ELLIOTT TRUDEAU INTL,702S006,2019-11-24 2:00,2019,11,24,2:00,0.5,,-3.5,,74,,9,,7,,,,99.95,,,,,,NA
-73.74,45.47,MONTREAL/PIERRE ELLIOTT TRUDEAU INTL,702S006,2019-11-24 3:00,2019,11,24,3:00,0.8,,-3,,76,,8,,7,,,,99.88,,,,,,NA
-73.74,45.47,MONTREAL/PIERRE ELLIOTT TRUDEAU INTL,702S006,2019-11-24 4:00,2019,11,24,4:00,-0.3,,-2.5,,85,,13,,7,,,,99.89,,,,-3,,NA
-73.74,45.47,MONTREAL/PIERRE ELLIOTT TRUDEAU INTL,702S006,2019-11-24 5:00,2019,11,24,5:00,0.2,,-2.8,,80,,3,,7,,,,99.87,,,,,,NA
-73.74,45.47,MONTREAL/PIERRE ELLIOTT TRUDEAU INTL,702S006,2019-11-24 6:00,2019,11,24,6:00,-1.1,,-3.1,,86,,1,,8,,,,99.83,,,,-4,,NA
-73.74,45.47,MONTREAL/PIERRE ELLIOTT TRUDEAU INTL,702S006,2019-11-24 7:00,2019,11,24,7:00,-0.4,,-3.3,,81,,4,,13,,,,99.73,,,,-5,,NA
-73.74,45.47,MONTREAL/PIERRE ELLIOTT TRUDEAU INTL,702S006,2019-11-24 8:00,2019,11,24,8:00,-2.1,,-3.6,,90,,1,,17,,,,99.74,,,,-7,,NA
-73.74,45.47,MONTREAL/PIERRE ELLIOTT TRUDEAU INTL,702S006,2019-11-24 9:00,2019,11,24,9:00,-999,,-4,,83,,4,,18,,,,99.69,,,,-7,,NA
-73.74,45.47,MONTREAL/PIERRE ELLIOTT TRUDEAU INTL,702S006,2019-11-24 10:00,2019,11,24,10:00,-999,,-3.8,,80,,2,,19,,,,99.63,,,,-6,,NA
-73.74,45.47,MONTREAL/PIERRE ELLIOTT TRUDEAU INTL,702S006,2019-11-24 11:00,2019,11,24,11:00,-0.5,,-3.5,,80,,2,,16,,,,99.57,,,,-5,,NA
-73.74,45.47,MONTREAL/PIERRE ELLIOTT TRUDEAU INTL,702S006,2019-11-24 12:00,2019,11,24,12:00,0.4,,NoData,,76,,2,,16,,,,99.49,,,,,,NA
-73.74,45.47,MONTREAL/PIERRE ELLIOTT TRUDEAU INTL,702S006,2019-11-24 13:00,2019,11,24,13:00,999,,-3.6,,72,,2,,15,,,,99.42,,,,,,NA
-73.74,45.47,MONTREAL/PIERRE ELLIOTT TRUDEAU INTL,702S006,2019-11-24 14:00,2019,11,24,14:00,999,,-3.9,,68,,3,,13,,,,99.4,,,,,,NA
-73.74,45.47,MONTREAL/PIERRE ELLIOTT TRUDEAU INTL,702S006,2019-11-24 15:00,2019,11,24,15:00,1.8,,-3.7,,67,,1,,13,,,,99.37,,,,,,NA
-73.74,45.47,MONTREAL/PIERRE ELLIOTT TRUDEAU INTL,702S006,2019-11-24 16:00,2019,11,24,16:00,1.3,,-4.1,,67,,1,,9,,,,99.35,,,,,,NA
-73.74,45.47,MONTREAL/PIERRE ELLIOTT TRUDEAU INTL,702S006,2019-11-24 17:00,2019,11,24,17:00,1.2,,-3.8,,70,,34,,8,,,,99.35,,,,,,NA
-73.74,45.47,MONTREAL/PIERRE ELLIOTT TRUDEAU INTL,702S006,2019-11-24 18:00,2019,11,24,18:00,1.2,,-3.5,,71,,34,,5,,,,99.41,,,,,,NA
-73.74,45.47,MONTREAL/PIERRE ELLIOTT TRUDEAU INTL,702S006,2019-11-24 19:00,2019,11,24,19:00,1.2,,-3.8,,69,,29,,3,,,,99.42,,,,,,NA
-73.74,45.47,MONTREAL/PIERRE ELLIOTT TRUDEAU INTL,702S006,2019-11-24 20:00,2019,11,24,20:00,1.1,,-3.5,,72,,27,,9,,,,99.47,,,,,,NA
-73.74,45.47,MONTREAL/PIERRE ELLIOTT TRUDEAU INTL,702S006,2019-11-24 21:00,2019,11,24,21:00,-1,,-4,,80,,28,,6,,,,99.46,,,,-3,,NA
-73.74,45.47,MONTREAL/PIERRE ELLIOTT TRUDEAU INTL,702S006,2019-11-24 22:00,2019,11,24,22:00,-0.7,,NoData,,82,,27,,6,,,,99.49,,,,-3,,NA
-73.74,45.47,MONTREAL/PIERRE ELLIOTT TRUDEAU INTL,702S006,2019-11-24 23:00,2019,11,24,23:00,11,,-3.6,,83,,29,,2,,,,99.5,,,,-2,,NA
-73.74,45.47,MONTREAL/PIERRE ELLIOTT TRUDEAU INTL,702S006,2019-11-25 0:00,2019,11,25,0:00,-1.1,,-4.1,,80,,0,,1,,,,99.49,,,,-1,,NA
-73.74,45.47,MONTREAL/PIERRE ELLIOTT TRUDEAU INTL,702S006,2019-11-25 1:00,2019,11,25,1:00,-1.3,,-4.1,,81,,24,,4,,,,99.53,,,,-3,,NA
-73.74,45.47,MONTREAL/PIERRE ELLIOTT TRUDEAU INTL,702S006,2019-11-25 2:00,2019,11,25,2:00,-0.1,,-2.4,,84,,999,,8,,,,99.57,,,,-3,,NA
-73.74,45.47,MONTREAL/PIERRE ELLIOTT TRUDEAU INTL,702S006,2019-11-25 3:00,2019,11,25,3:00,0.8,,-1.6,,84,,999,,12,,,,99.59,,,,,,NA
-73.74,45.47,MONTREAL/PIERRE ELLIOTT TRUDEAU INTL,702S006,2019-11-25 4:00,2019,11,25,4:00,1,,-1.5,,83,,26,,6,,,,99.64,,,,,,NA
-73.74,45.47,MONTREAL/PIERRE ELLIOTT TRUDEAU INTL,702S006,2019-11-25 5:00,2019,11,25,5:00,999,,-0.8,,86,,26,,9,,,,99.7,,,,,,NA
-73.74,45.47,MONTREAL/PIERRE ELLIOTT TRUDEAU INTL,702S006,2019-11-25 6:00,2019,11,25,6:00,1.9,,-0.4,,85,,26,,13,,,,99.77,,,,,,NA
-73.74,45.47,MONTREAL/PIERRE ELLIOTT TRUDEAU INTL,702S006,2019-11-25 7:00,2019,11,25,7:00,1.6,,-0.5,,86,,999,,15,,,,99.84,,,,,,NA
-73.74,45.47,MONTREAL/PIERRE ELLIOTT TRUDEAU INTL,702S006,2019-11-25 8:00,2019,11,25,8:00,2,,-0.3,,85,,999,,11,,,,99.92,,,,,,NA
-73.74,45.47,MONTREAL/PIERRE ELLIOTT TRUDEAU INTL,702S006,2019-11-25 9:00,2019,11,25,9:00,3.5,,0,,78,,26,,17,,,,99.99,,,,,,NA
-73.74,45.47,MONTREAL/PIERRE ELLIOTT TRUDEAU INTL,702S006,2019-11-25 10:00,2019,11,25,10:00,3.9,,0.4,,78,,27,,13,,,,100.07,,,,,,NA
-73.74,45.47,MONTREAL/PIERRE ELLIOTT TRUDEAU INTL,702S006,2019-11-25 11:00,2019,11,25,11:00,4,,-0.2,,74,,28,,22,,,,100.11,,,,,,NA
-73.74,45.47,MONTREAL/PIERRE ELLIOTT TRUDEAU INTL,702S006,2019-11-25 12:00,2019,11,25,12:00,5,,0.2,,71,,28,,22,,,,100.13,,,,,,NA
-73.74,45.47,MONTREAL/PIERRE ELLIOTT TRUDEAU INTL,702S006,2019-11-25 13:00,2019,11,25,13:00,5.3,,0,,69,,28,,20,,,,100.14,,,,,,NA
-73.74,45.47,MONTREAL/PIERRE ELLIOTT TRUDEAU INTL,702S006,2019-11-25 14:00,2019,11,25,14:00,5.4,,0.3,,69,,28,,13,,,,100.18,,,,,,NA
-73.74,45.47,MONTREAL/PIERRE ELLIOTT TRUDEAU INTL,702S006,2019-11-25 15:00,2019,11,25,15:00,5.4,,0.4,,70,,28,,7,,,,100.24,,,,,,NA
-73.74,45.47,MONTREAL/PIERRE ELLIOTT TRUDEAU INTL,702S006,2019-11-25 16:00,2019,11,25,16:00,4.9,,0.5,,73,,29,,6,,,,100.28,,,,,,NA
-73.74,45.47,MONTREAL/PIERRE ELLIOTT TRUDEAU INTL,702S006,2019-11-25 17:00,2019,11,25,17:00,3.7,,0,,77,,32,,3,,,,100.32,,,,,,NA
-73.74,45.47,MONTREAL/PIERRE ELLIOTT TRUDEAU INTL,702S006,2019-11-25 18:00,2019,11,25,18:00,4.4,,1.2,,80,,14,,6,,,,100.38,,,,,,NA
-73.74,45.47,MONTREAL/PIERRE ELLIOTT TRUDEAU INTL,702S006,2019-11-25 19:00,2019,11,25,19:00,3.9,,0.4,,78,,13,,6,,,,100.45,,,,,,NA
-73.74,45.47,MONTREAL/PIERRE ELLIOTT TRUDEAU INTL,702S006,2019-11-25 20:00,2019,11,25,20:00,3.1,,0.3,,82,,13,,3,,,,100.55,,,,,,NA
-73.74,45.47,MONTREAL/PIERRE ELLIOTT TRUDEAU INTL,702S006,2019-11-25 21:00,2019,11,25,21:00,4.7,,1,,77,,10,,5,,,,100.55,,,,,,NA
-73.74,45.47,MONTREAL/PIERRE ELLIOTT TRUDEAU INTL,702S006,2019-11-25 22:00,2019,11,25,22:00,3.8,,999,,81,,14,,8,,,,100.58,,,,,,NA
-73.74,45.47,MONTREAL/PIERRE ELLIOTT TRUDEAU INTL,702S006,2019-11-25 23:00,2019,11,25,23:00,3.9,,0.5,,79,,13,,5,,,,100.59,,,,,,NA
-73.74,45.47,MONTREAL/PIERRE ELLIOTT TRUDEAU INTL,702S006,2019-11-26 0:00,2019,11,26,0:00,3.5,,0.6,,81,,16,,5,,,,100.61,,,,,,NA
-73.74,45.47,MONTREAL/PIERRE ELLIOTT TRUDEAU INTL,702S006,2019-11-26 1:00,2019,11,26,1:00,3.7,,0.7,,81,,15,,7,,,,100.58,,,,,,NA
-73.74,45.47,MONTREAL/PIERRE ELLIOTT TRUDEAU INTL,702S006,2019-11-26 2:00,2019,11,26,2:00,4.4,,999,,78,,12,,7,,,,100.58,,,,,,NA
-73.74,45.47,MONTREAL/PIERRE ELLIOTT TRUDEAU INTL,702S006,2019-11-26 3:00,2019,11,26,3:00,4.1,,0.5,,77,,13,,9,,,,100.61,,,,,,NA
-73.74,45.47,MONTREAL/PIERRE ELLIOTT TRUDEAU INTL,702S006,2019-11-26 4:00,2019,11,26,4:00,2.8,,-0.1,,81,,12,,11,,,,100.53,,,,,,NA
-73.74,45.47,MONTREAL/PIERRE ELLIOTT TRUDEAU INTL,702S006,2019-11-26 5:00,2019,11,26,5:00,3.2,,0.8,,85,,12,,7,,,,100.52,,,,,,NA
-73.74,45.47,MONTREAL/PIERRE ELLIOTT TRUDEAU INTL,702S006,2019-11-26 6:00,2019,11,26,6:00,2.9,,999,,87,,13,,11,,,,100.45,,,,,,NA
-73.74,45.47,MONTREAL/PIERRE ELLIOTT TRUDEAU INTL,702S006,2019-11-26 7:00,2019,11,26,7:00,2.9,,1.1,,88,,13,,7,,,,100.48,,,,,,NA
-73.74,45.47,MONTREAL/PIERRE ELLIOTT TRUDEAU INTL,702S006,2019-11-26 8:00,2019,11,26,8:00,4,,999,,83,,16,,8,,,,100.52,,,,,,NA
-73.74,45.47,MONTREAL/PIERRE ELLIOTT TRUDEAU INTL,702S006,2019-11-26 9:00,2019,11,26,9:00,5.3,,1.9,,79,,16,,13,,,,100.49,,,,,,NA
-73.74,45.47,MONTREAL/PIERRE ELLIOTT TRUDEAU INTL,702S006,2019-11-26 10:00,2019,11,26,10:00,6.5,,2.4,,75,,16,,14,,,,100.54,,,,,,NA
-73.74,45.47,MONTREAL/PIERRE ELLIOTT TRUDEAU INTL,702S006,2019-11-26 11:00,2019,11,26,11:00,7.1,,2.7,,73,,16,,14,,,,100.51,,,,,,NA
-73.74,45.47,MONTREAL/PIERRE ELLIOTT TRUDEAU INTL,702S006,2019-11-26 12:00,2019,11,26,12:00,7.9,,3.4,,73,,20,,12,,,,100.53,,,,,,NA
-73.74,45.47,MONTREAL/PIERRE ELLIOTT TRUDEAU INTL,702S006,2019-11-26 13:00,2019,11,26,13:00,8.8,,3.8,,71,,22,,13,,,,100.53,,,,,,NA
-73.74,45.47,MONTREAL/PIERRE ELLIOTT TRUDEAU INTL,702S006,2019-11-26 14:00,2019,11,26,14:00,9.8,,4.4,,69,,24,,12,,,,100.56,,,,,,NA
-73.74,45.47,MONTREAL/PIERRE ELLIOTT TRUDEAU INTL,702S006,2019-11-26 15:00,2019,11,26,15:00,9.8,,4.6,,70,,27,,17,,,,100.67,,,,,,NA
-73.74,45.47,MONTREAL/PIERRE ELLIOTT TRUDEAU INTL,702S006,2019-11-26 16:00,2019,11,26,16:00,8.5,,4.4,,75,,29,,6,,,,100.79,,,,,,NA
-73.74,45.47,MONTREAL/PIERRE ELLIOTT TRUDEAU INTL,702S006,2019-11-26 17:00,2019,11,26,17:00,8,,3.9,,75,,28,,12,,,,109994,,,,,,NA
-73.74,45.47,MONTREAL/PIERRE ELLIOTT TRUDEAU INTL,702S006,2019-11-26 18:00,2019,11,26,18:00,7,,3.4,,78,,26,,7,,,,101.05,,,,,,NA
-73.74,45.47,MONTREAL/PIERRE ELLIOTT TRUDEAU INTL,702S006,2019-11-26 19:00,2019,11,26,19:00,5.4,,2.7,,83,,33,,6,,,,101.15,,,,,,NA
-73.74,45.47,MONTREAL/PIERRE ELLIOTT TRUDEAU INTL,702S006,2019-11-26 20:00,2019,11,26,20:00,4.4,,2.7,,89,,34,,3,,,,101.19,,,,,,NA
-73.74,45.47,MONTREAL/PIERRE ELLIOTT TRUDEAU INTL,702S006,2019-11-26 21:00,2019,11,26,21:00,3.2,,1.6,,89,,24,,2,,,,101.27,,,,,,NA
-73.74,45.47,MONTREAL/PIERRE ELLIOTT TRUDEAU INTL,702S006,2019-11-26 22:00,2019,11,26,22:00,2.6,,1.9,,95,,15,,3,,,,101.3,,,,,,NA
-73.74,45.47,MONTREAL/PIERRE ELLIOTT TRUDEAU INTL,702S006,2019-11-26 23:00,2019,11,26,23:00,2.5,,2.1,,97,,14,,2,,,,101.36,,,,,,NA
-73.74,45.47,MONTREAL/PIERRE ELLIOTT TRUDEAU INTL,702S006,2019-11-27 0:00,2019,11,27,0:00,-0.6,,-999,,98,,34,,1,,,,101.33,,,,-1,,NA
-73.74,45.47,MONTREAL/PIERRE ELLIOTT TRUDEAU INTL,702S006,2019-11-27 1:00,2019,11,27,1:00,-1.2,,-999,,99,,33,,2,,,,109990,,,,-2,,NA
-73.74,45.47,MONTREAL/PIERRE ELLIOTT TRUDEAU INTL,702S006,2019-11-27 2:00,2019,11,27,2:00,-1.3,,-999,,99,,,,0,,,,109990,,,,,,NA
-73.74,45.47,MONTREAL/PIERRE ELLIOTT TRUDEAU INTL,702S006,2019-11-27 3:00,2019,11,27,3:00,-2.6,,-2.7,,99,,33,,1,,,,109992,,,,-3,,NA
-73.74,45.47,MONTREAL/PIERRE ELLIOTT TRUDEAU INTL,702S006,2019-11-27 4:00,2019,11,27,4:00,-0.8,,-999,,99,,35,,2,,,,109993,,,,-1,,NA
-73.74,45.47,MONTREAL/PIERRE ELLIOTT TRUDEAU INTL,702S006,2019-11-27 5:00,2019,11,27,5:00,-0.8,,-999,,99,,3,,4,,,,109993,,,,-2,,NA
-73.74,45.47,MONTREAL/PIERRE ELLIOTT TRUDEAU INTL,702S006,2019-11-27 6:00,2019,11,27,6:00,0.2,,-0.7,,94,,3,,6,,,,109991,,,,,,NA
-73.74,45.47,MONTREAL/PIERRE ELLIOTT TRUDEAU INTL,702S006,2019-11-27 7:00,2019,11,27,7:00,1.9,,-0.1,,87,,5,,13,,,,101.34,,,,,,NA
-73.74,45.47,MONTREAL/PIERRE ELLIOTT TRUDEAU INTL,702S006,2019-11-27 8:00,2019,11,27,8:00,2.8,,0.1,,82,,4,,8,,,,101.24,,,,,,NA
-73.74,45.47,MONTREAL/PIERRE ELLIOTT TRUDEAU INTL,702S006,2019-11-27 9:00,2019,11,27,9:00,3.4,,-0.1,,78,,4,,13,,,,101.16,,,,,,NA
-73.74,45.47,MONTREAL/PIERRE ELLIOTT TRUDEAU INTL,702S006,2019-11-27 10:00,2019,11,27,10:00,3.2,,0.4,,81,,3,,13,,,,101.15,,,,,,NA
-73.74,45.47,MONTREAL/PIERRE ELLIOTT TRUDEAU INTL,702S006,2019-11-27 11:00,2019,11,27,11:00,3,,0.6,,84,,3,,18,,,,109998,,,,,,NA
-73.74,45.47,MONTREAL/PIERRE ELLIOTT TRUDEAU INTL,702S006,2019-11-27 12:00,2019,11,27,12:00,3.2,,1.2,,87,,4,,20,,,,100.84,,,,,,NA
-73.74,45.47,MONTREAL/PIERRE ELLIOTT TRUDEAU INTL,702S006,2019-11-27 13:00,2019,11,27,13:00,3,,1.1,,88,,4,,23,,,,100.55,,,,,,NA
-73.74,45.47,MONTREAL/PIERRE ELLIOTT TRUDEAU INTL,702S006,2019-11-27 14:00,2019,11,27,14:00,2.9,,1.1,,88,,4,,24,,,,100.33,,,,,,NA
-73.74,45.47,MONTREAL/PIERRE ELLIOTT TRUDEAU INTL,702S006,2019-11-27 15:00,2019,11,27,15:00,2.8,,1.1,,88,,4,,27,,,,100.07,,,,,,NA
-73.74,45.47,MONTREAL/PIERRE ELLIOTT TRUDEAU INTL,702S006,2019-11-27 16:00,2019,11,27,16:00,3.2,,1.2,,87,,4,,999,,,,99.91,,,,,,NA
-73.74,45.47,MONTREAL/PIERRE ELLIOTT TRUDEAU INTL,702S006,2019-11-27 17:00,2019,11,27,17:00,3.3,,1.3,,87,,4,,26,,,,99.84,,,,,,NA
-73.74,45.47,MONTREAL/PIERRE ELLIOTT TRUDEAU INTL,702S006,2019-11-27 18:00,2019,11,27,18:00,3,,1.7,,91,,4,,26,,,,99.74,,,,,,NA
-73.74,45.47,MONTREAL/PIERRE ELLIOTT TRUDEAU INTL,702S006,2019-11-27 19:00,2019,11,27,19:00,3.1,,2.1,,93,,4,,23,,,,99.57,,,,,,NA
-73.74,45.47,MONTREAL/PIERRE ELLIOTT TRUDEAU INTL,702S006,2019-11-27 20:00,2019,11,27,20:00,3.3,,2.4,,94,,4,,19,,,,99.52,,,,,,NA
-73.74,45.47,MONTREAL/PIERRE ELLIOTT TRUDEAU INTL,702S006,2019-11-27 21:00,2019,11,27,21:00,3.1,,2.5,,96,,3,,16,,,,99.46,,,,,,NA
-73.74,45.47,MONTREAL/PIERRE ELLIOTT TRUDEAU INTL,702S006,2019-11-27 22:00,2019,11,27,22:00,2.9,,2.2,,95,,3,,16,,,,99.44,,,,,,NA
-73.74,45.47,MONTREAL/PIERRE ELLIOTT TRUDEAU INTL,702S006,2019-11-27 23:00,2019,11,27,23:00,2.4,,1.8,,96,,3,,18,,,,99.45,,,,,,NA
-73.74,45.47,MONTREAL/PIERRE ELLIOTT TRUDEAU INTL,702S006,2019-11-28 0:00,2019,11,28,0:00,1.7,,1,,95,,2,,24,,,,99.49,,,,,,NA
-73.74,45.47,MONTREAL/PIERRE ELLIOTT TRUDEAU INTL,702S006,2019-11-28 1:00,2019,11,28,1:00,1,,0.3,,95,,2,,26,,,,99.56,,,,,,NA
-73.74,45.47,MONTREAL/PIERRE ELLIOTT TRUDEAU INTL,702S006,2019-11-28 2:00,2019,11,28,2:00,0.2,,-0.6,,95,,1,,28,,,,99.66,,,,,,NA
-73.74,45.47,MONTREAL/PIERRE ELLIOTT TRUDEAU INTL,702S006,2019-11-28 3:00,2019,11,28,3:00,-0.3,,-1.3,,93,,1,,31,,,,99.81,,,,-7,,NA
-73.74,45.47,MONTREAL/PIERRE ELLIOTT TRUDEAU INTL,702S006,2019-11-28 4:00,2019,11,28,4:00,-0.5,,-999,,93,,2,,31,,,,99.95,,,,-7,,NA
-73.74,45.47,MONTREAL/PIERRE ELLIOTT TRUDEAU INTL,702S006,2019-11-28 5:00,2019,11,28,5:00,-0.4,,-1.6,,92,,2,,32,,,,100.11,,,,-7,,NA
-73.74,45.47,MONTREAL/PIERRE ELLIOTT TRUDEAU INTL,702S006,2019-11-28 6:00,2019,11,28,6:00,0,,-1.7,,89,,2,,27,,,,100.33,,,,-6,,NA
-73.74,45.47,MONTREAL/PIERRE ELLIOTT TRUDEAU INTL,702S006,2019-11-28 7:00,2019,11,28,7:00,0.1,,-0.6,,95,,36,,16,,,,100.56,,,,,,NA
-73.74,45.47,MONTREAL/PIERRE ELLIOTT TRUDEAU INTL,702S006,2019-11-28 8:00,2019,11,28,8:00,0.1,,-2.8,,80,,36,,24,,,,100.75,,,,,,NA
-73.74,45.47,MONTREAL/PIERRE ELLIOTT TRUDEAU INTL,702S006,2019-11-28 9:00,2019,11,28,9:00,-0.3,,-2.9,,83,,36,,22,,,,109995,,,,-6,,NA
-73.74,45.47,MONTREAL/PIERRE ELLIOTT TRUDEAU INTL,702S006,2019-11-28 10:00,2019,11,28,10:00,-0.1,,-2,,87,,34,,12,,,,101.15,,,,-4,,NA
-73.74,45.47,MONTREAL/PIERRE ELLIOTT TRUDEAU INTL,702S006,2019-11-28 11:00,2019,11,28,11:00,,,,,,,,,,,,,,,,,,,
-73.74,45.47,MONTREAL/PIERRE ELLIOTT TRUDEAU INTL,702S006,2019-11-28 12:00,2019,11,28,12:00,,,,,,,,,,,,,,,,,,,
-73.74,45.47,MONTREAL/PIERRE ELLIOTT TRUDEAU INTL,702S006,2019-11-28 13:00,2019,11,28,13:00,,,,,,,,,,,,,,,,,,,
-73.74,45.47,MONTREAL/PIERRE ELLIOTT TRUDEAU INTL,702S006,2019-11-28 14:00,2019,11,28,14:00,,,,,,,,,,,,,,,,,,,
-73.74,45.47,MONTREAL/PIERRE ELLIOTT TRUDEAU INTL,702S006,2019-11-28 15:00,2019,11,28,15:00,,,,,,,,,,,,,,,,,,,
-73.74,45.47,MONTREAL/PIERRE ELLIOTT TRUDEAU INTL,702S006,2019-11-28 16:00,2019,11,28,16:00,,,,,,,,,,,,,,,,,,,
-73.74,45.47,MONTREAL/PIERRE ELLIOTT TRUDEAU INTL,702S006,2019-11-28 17:00,2019,11,28,17:00,-0.5,,-4.9,,72,,33,,16,,,,101.91,,,,-5,,NA
-73.74,45.47,MONTREAL/PIERRE ELLIOTT TRUDEAU INTL,702S006,2019-11-28 18:00,2019,11,28,18:00,-0.8,,-5.1,,73,,31,,13,,,,101.93,,,,-5,,NA
-73.74,45.47,MONTREAL/PIERRE ELLIOTT TRUDEAU INTL,702S006,2019-11-28 19:00,2019,11,28,19:00,-0.7,,-4.7,,75,,30,,17,,,,102.08,,,,-6,,NA
-73.74,45.47,MONTREAL/PIERRE ELLIOTT TRUDEAU INTL,702S006,2019-11-28 20:00,2019,11,28,20:00,-0.8,,-4.9,,74,,32,,14,,,,102.15,,,,-5,,NA
-73.74,45.47,MONTREAL/PIERRE ELLIOTT TRUDEAU INTL,702S006,2019-11-28 21:00,2019,11,28,21:00,-1.1,,-4.9,,75,,33,,11,,,,102.23,,,,-5,,NA
-73.74,45.47,MONTREAL/PIERRE ELLIOTT TRUDEAU INTL,702S006,2019-11-28 22:00,2019,11,28,22:00,-1.1,,-5.3,,73,,33,,12,,,,102.27,,,,-5,,NA
-73.74,45.47,MONTREAL/PIERRE ELLIOTT TRUDEAU INTL,702S006,2019-11-28 23:00,2019,11,28,23:00,-999,,-4.8,,78,,29,,11,,,,102.31,,,,-5,,NA
-73.74,45.47,MONTREAL/PIERRE ELLIOTT TRUDEAU INTL,702S006,2019-11-29 0:00,2019,11,29,0:00,-1.6,,-5.1,,77,,29,,13,,,,102.26,,,,-6,,NA
-73.74,45.47,MONTREAL/PIERRE ELLIOTT TRUDEAU INTL,702S006,2019-11-29 1:00,2019,11,29,1:00,-2,,-5.3,,78,,30,,14,,,,102.27,,,,-7,,NA
-73.74,45.47,MONTREAL/PIERRE ELLIOTT TRUDEAU INTL,702S006,2019-11-29 2:00,2019,11,29,2:00,-2.1,,-5.1,,80,,29,,12,,,,102.29,,,,-6,,NA
-73.74,45.47,MONTREAL/PIERRE ELLIOTT TRUDEAU INTL,702S006,2019-11-29 3:00,2019,11,29,3:00,-2.1,,-4.8,,81,,30,,9,,,,102.27,,,,-6,,NA
-73.74,45.47,MONTREAL/PIERRE ELLIOTT TRUDEAU INTL,702S006,2019-11-29 4:00,2019,11,29,4:00,-2.1,,-5.3,,79,,30,,12,,,,102.3,,,,-6,,NA
-73.74,45.47,MONTREAL/PIERRE ELLIOTT TRUDEAU INTL,702S006,2019-11-29 5:00,2019,11,29,5:00,-2.3,,-5.3,,80,,30,,15,,,,102.31,,,,-7,,NA
-73.74,45.47,MONTREAL/PIERRE ELLIOTT TRUDEAU INTL,702S006,2019-11-29 6:00,2019,11,29,6:00,-2.7,,-5.5,,81,,30,,14,,,,102.3,,,,-8,,NA
-73.74,45.47,MONTREAL/PIERRE ELLIOTT TRUDEAU INTL,702S006,2019-11-29 7:00,2019,11,29,7:00,NoData,,-6.1,,81,,31,,13,,,,102.33,,,,-8,,NA
-73.74,45.47,MONTREAL/PIERRE ELLIOTT TRUDEAU INTL,702S006,2019-11-29 8:00,2019,11,29,8:00,-3.9,,-6.6,,82,,30,,12,,,,102.3,,,,-9,,NA
-73.74,45.47,MONTREAL/PIERRE ELLIOTT TRUDEAU INTL,702S006,2019-11-29 9:00,2019,11,29,9:00,-3.1,,-6.9,,75,,31,,12,,,,102.29,,,,-8,,NA
-73.74,45.47,MONTREAL/PIERRE ELLIOTT TRUDEAU INTL,702S006,2019-11-29 10:00,2019,11,29,10:00,-2.6,,-6.4,,75,,32,,12,,,,102.35,,,,-7,,NA
-73.74,45.47,MONTREAL/PIERRE ELLIOTT TRUDEAU INTL,702S006,2019-11-29 11:00,2019,11,29,11:00,-2.2,,-6.8,,70,,32,,14,,,,102.28,,,,-7,,NA
-73.74,45.47,MONTREAL/PIERRE ELLIOTT TRUDEAU INTL,702S006,2019-11-29 12:00,2019,11,29,12:00,-1.7,,-6.9,,68,,31,,14,,,,102.2,,,,-6,,NA
-73.74,45.47,MONTREAL/PIERRE ELLIOTT TRUDEAU INTL,702S006,2019-11-29 13:00,2019,11,29,13:00,-1.8,,-7.8,,63,,32,,11,,,,102.14,,,,-6,,NA
-73.74,45.47,MONTREAL/PIERRE ELLIOTT TRUDEAU INTL,702S006,2019-11-29 14:00,2019,11,29,14:00,-1,,-6.6,,65,,27,,13,,,,102.12,,,,-5,,NA
-73.74,45.47,MONTREAL/PIERRE ELLIOTT TRUDEAU INTL,702S006,2019-11-29 15:00,2019,11,29,15:00,-2,,-6.9,,69,,29,,11,,,,102.12,,,,-6,,NA
-73.74,45.47,MONTREAL/PIERRE ELLIOTT TRUDEAU INTL,702S006,2019-11-29 16:00,2019,11,29,16:00,-2.8,,-8.1,,67,,28,,13,,,,102.11,,,,-7,,NA
-73.74,45.47,MONTREAL/PIERRE ELLIOTT TRUDEAU INTL,702S006,2019-11-29 17:00,2019,11,29,17:00,-3.6,,-8.3,,70,,29,,15,,,,102.13,,,,-9,,NA
-73.74,45.47,MONTREAL/PIERRE ELLIOTT TRUDEAU INTL,702S006,2019-11-29 18:00,2019,11,29,18:00,-4.5,,-8.5,,74,,30,,13,,,,102.13,,,,-10,,NA
-73.74,45.47,MONTREAL/PIERRE ELLIOTT TRUDEAU INTL,702S006,2019-11-29 19:00,2019,11,29,19:00,-5.7,,-8.8,,78,,31,,12,,,,102.08,,,,-11,,NA
-73.74,45.47,MONTREAL/PIERRE ELLIOTT TRUDEAU INTL,702S006,2019-11-29 20:00,2019,11,29,20:00,-5.9,,-9,,79,,33,,12,,,,102.07,,,,-11,,NA
-73.74,45.47,MONTREAL/PIERRE ELLIOTT TRUDEAU INTL,702S006,2019-11-29 21:00,2019,11,29,21:00,-6.6,,-9.3,,81,,33,,9,,,,102.06,,,,-11,,NA
-73.74,45.47,MONTREAL/PIERRE ELLIOTT TRUDEAU INTL,702S006,2019-11-29 22:00,2019,11,29,22:00,-6.7,,-9.8,,79,,36,,6,,,,101.98,,,,-10,,NA
-73.74,45.47,MONTREAL/PIERRE ELLIOTT TRUDEAU INTL,702S006,2019-11-29 23:00,2019,11,29,23:00,-7,,-10.8,,74,,1,,9,,,,101.96,,,,-11,,NA
-73.74,45.47,MONTREAL/PIERRE ELLIOTT TRUDEAU INTL,702S006,2019-11-30 0:00,2019,11,30,0:00,-7.7,,-11.5,,74,,1,,10,,,,-101.92,,,,-13,,NA
-73.74,45.47,MONTREAL/PIERRE ELLIOTT TRUDEAU INTL,702S006,2019-11-30 1:00,2019,11,30,1:00,-8.1,,-12.2,,72,,2,,13,,,,101.93,,,,-14,,NA
-73.74,45.47,MONTREAL/PIERRE ELLIOTT TRUDEAU INTL,702S006,2019-11-30 2:00,2019,11,30,2:00,-8.9,,-13,,72,,1,,12,,,,101.93,,,,-15,,NA
-73.74,45.47,MONTREAL/PIERRE ELLIOTT TRUDEAU INTL,702S006,2019-11-30 3:00,2019,11,30,3:00,-9.6,,-13.4,,74,,36,,8,,,,101.94,,,,-14,,NA
-73.74,45.47,MONTREAL/PIERRE ELLIOTT TRUDEAU INTL,702S006,2019-11-30 4:00,2019,11,30,4:00,-10,,-13.6,,75,,33,,11,,,,101.91,,,,-16,,NA
-73.74,45.47,MONTREAL/PIERRE ELLIOTT TRUDEAU INTL,702S006,2019-11-30 5:00,2019,11,30,5:00,-10.3,,-13.6,,77,,30,,10,,,,101.93,,,,-16,,NA
-73.74,45.47,MONTREAL/PIERRE ELLIOTT TRUDEAU INTL,702S006,2019-11-30 6:00,2019,11,30,6:00,-10.5,,-13.9,,76,,29,,9,,,,-101.92,,,,-15,,NA
-73.74,45.47,MONTREAL/PIERRE ELLIOTT TRUDEAU INTL,702S006,2019-11-30 7:00,2019,11,30,7:00,-10.3,,-13.8,,76,,28,,7,,,,101.89,,,,-14,,NA
-73.74,45.47,MONTREAL/PIERRE ELLIOTT TRUDEAU INTL,702S006,2019-11-30 8:00,2019,11,30,8:00,-9.8,,-13,,77,,29,,11,,,,101.86,,,,-15,,NA
-73.74,45.47,MONTREAL/PIERRE ELLIOTT TRUDEAU INTL,702S006,2019-11-30 9:00,2019,11,30,9:00,-8.7,,-13,,71,,28,,14,,,,101.87,,,,-15,,NA
-73.74,45.47,MONTREAL/PIERRE ELLIOTT TRUDEAU INTL,702S006,2019-11-30 10:00,2019,11,30,10:00,-7.4,,-11.9,,70,,31,,14,,,,101.89,,,,-13,,NA
-73.74,45.47,MONTREAL/PIERRE ELLIOTT TRUDEAU INTL,702S006,2019-11-30 11:00,2019,11,30,11:00,-7.2,,-13.5,,60,,34,,11,,,,101.86,,,,-12,,NA
-73.74,45.47,MONTREAL/PIERRE ELLIOTT TRUDEAU INTL,702S006,2019-11-30 12:00,2019,11,30,12:00,-6.2,,-12.8,,59,,30,,10,,,,101.76,,,,-11,,NA
-73.74,45.47,MONTREAL/PIERRE ELLIOTT TRUDEAU INTL,702S006,2019-11-30 13:00,2019,11,30,13:00,-5.6,,-12.3,,59,,28,,12,,,,101.69,,,,-11,,NA
-73.74,45.47,MONTREAL/PIERRE ELLIOTT TRUDEAU INTL,702S006,2019-11-30 14:00,2019,11,30,14:00,-5,,-12.1,,58,,29,,11,,,,101.63,,,,-10,,NA
-73.74,45.47,MONTREAL/PIERRE ELLIOTT TRUDEAU INTL,702S006,2019-11-30 15:00,2019,11,30,15:00,-4.9,,-12,,57,,31,,7,,,,101.62,,,,-8,,NA
-73.74,45.47,MONTREAL/PIERRE ELLIOTT TRUDEAU INTL,702S006,2019-11-30 16:00,2019,11,30,16:00,-5.2,,-12.2,,58,,28,,7,,,,101.61,,,,-8,,NA
-73.74,45.47,MONTREAL/PIERRE ELLIOTT TRUDEAU INTL,702S006,2019-11-30 17:00,2019,11,30,17:00,-71,,-12.3,,66,,1,,6,,,,101.63,,,,-10,,NA
-73.74,45.47,MONTREAL/PIERRE ELLIOTT TRUDEAU INTL,702S006,2019-11-30 18:00,2019,11,30,18:00,-6.3,,-12.7,,61,,2,,10,,,,101.67,,,,-11,,NA
-73.74,45.47,MONTREAL/PIERRE ELLIOTT TRUDEAU INTL,702S006,2019-11-30 19:00,2019,11,30,19:00,-7.9,,-13,,67,,1,,7,,,,101.7,,,,-12,,NA
-73.74,45.47,MONTREAL/PIERRE ELLIOTT TRUDEAU INTL,702S006,2019-11-30 20:00,2019,11,30,20:00,-8.5,,-12.4,,73,,33,,9,,,,101.7,,,,-13,,NA
-73.74,45.47,MONTREAL/PIERRE ELLIOTT TRUDEAU INTL,702S006,2019-11-30 21:00,2019,11,30,21:00,-8.6,,-12.7,,73,,1,,9,,,,101.65,,,,-13,,NA
-73.74,45.47,MONTREAL/PIERRE ELLIOTT TRUDEAU INTL,702S006,2019-11-30 22:00,2019,11,30,22:00,-8.7,,-13,,71,,1,,9,,,,101.64,,,,-13,,NA
-73.74,45.47,MONTREAL/PIERRE ELLIOTT TRUDEAU INTL,702S006,2019-11-30 23:00,2019,11,30,23:00,-8.6,,-13.2,,69,,2,,13,,,,101.65,,,,-15,,NA